age,income,members_in_household,loan_accounts,Savings,Mortgage,Pension,id,nb_products
38,47958.0,4,1,0,0,0,44256,0
30,48606.0,2,4,0,0,0,46883,0
41,42152.0,4,0,0,0,0,32387,0
42,39788.0,3,3,0,0,0,25504,0
42,44365.0,6,2,0,1,0,35979,1
32,41128.0,7,0,0,0,0,29822,0
56,44432.0,5,0,0,0,0,36731,0
41,30969.0,7,1,0,0,0,8756,0
43,75001.0,6,4,1,1,0,112583,2
28,35457.0,7,2,0,1,0,18143,1
16,46586.0,5,0,0,0,0,41469,0
46,53199.0,4,0,1,0,0,55653,1
57,51000.0,1,0,0,0,0,50886,0
24,42440.0,4,1,0,0,0,32870,0
42,42426.0,7,1,0,0,0,33069,0
33,27577.0,6,1,0,0,0,5319,0
23,51023.0,7,1,0,0,0,50846,0
43,31035.0,6,0,0,0,0,8983,0
39,44402.0,4,1,0,0,0,36577,0
42,33138.0,5,0,0,0,0,13704,0
40,41959.0,2,0,0,0,0,31894,0
16,49836.0,4,1,0,0,0,48136,0
39,44427.0,6,2,0,1,0,35859,1
27,53182.0,4,1,1,0,0,55728,1
51,35919.0,1,2,0,0,0,18607,0
27,34167.0,5,0,0,0,0,15254,0
18,36765.0,7,1,0,0,0,19640,0
29,33938.0,4,1,0,0,0,15033,0
56,41145.0,1,0,0,0,1,29836,1
34,38903.0,7,0,0,0,0,24290,0
17,33884.0,7,1,0,0,0,15065,0
32,39844.0,5,0,0,0,0,25462,0
37,67520.0,3,2,1,0,0,94027,1
57,37492.0,1,0,0,0,1,20400,1
53,53318.0,3,2,1,0,0,56258,1
30,50690.0,6,3,0,1,0,49870,1
59,45675.0,2,1,0,0,0,39359,0
83,62854.0,2,2,0,0,1,82899,1
42,35081.0,4,2,0,0,0,16333,0
60,47942.0,5,0,0,0,0,43913,0
42,42002.0,2,3,0,0,0,31868,0
70,31933.0,6,0,0,0,1,10798,1
28,54619.0,4,0,1,0,0,58943,1
43,41787.0,4,1,0,0,0,31159,0
25,49948.0,7,1,0,0,0,48467,0
39,45716.0,2,3,0,0,0,39240,0
49,50216.0,2,0,1,0,0,49240,1
48,53378.0,2,0,1,0,0,56527,1
44,40996.0,2,0,0,0,0,28397,0
57,35358.0,5,0,0,0,1,17899,1
58,42323.0,5,1,0,0,1,32630,1
42,44023.0,7,0,0,0,0,35583,0
33,45397.0,7,1,0,0,0,38187,0
39,36769.0,4,0,0,0,0,19623,0
43,38010.0,7,0,0,0,0,21416,0
46,32201.0,5,0,0,0,0,12811,0
33,32697.0,7,1,0,0,0,13322,0
38,50592.0,3,0,1,0,0,49448,1
45,52561.0,4,2,1,0,0,54859,1
21,23064.0,7,0,0,0,0,1607,0
30,54766.0,3,0,1,0,0,59240,1
23,50308.0,2,3,0,0,0,49387,0
45,45351.0,2,7,0,1,0,37926,1
47,57006.0,4,1,1,0,0,69249,1
39,35403.0,2,2,0,0,0,17637,0
17,28283.0,5,0,0,0,0,5626,0
56,52828.0,2,0,1,0,0,55370,1
41,51655.0,7,2,1,1,0,52641,2
38,46630.0,5,4,0,1,0,41795,1
34,35297.0,4,0,0,0,0,17024,0
47,48033.0,2,0,1,0,0,45025,1
24,27599.0,7,1,0,0,0,5324,0
84,39118.0,3,0,0,0,1,24658,1
43,50552.0,5,0,1,0,0,49820,1
63,39763.0,1,0,0,0,1,25402,1
41,37866.0,7,0,0,0,0,21404,0
33,21834.0,2,2,0,0,0,1192,0
44,38052.0,6,0,0,0,0,22312,0
59,41016.0,2,2,0,0,0,28259,0
46,51321.0,6,0,1,0,0,51440,1
32,50630.0,3,3,0,0,0,49593,0
23,28288.0,3,1,0,0,0,6330,0
50,51902.0,1,2,1,0,0,53415,1
33,45478.0,2,4,0,0,0,38406,0
33,35069.0,6,0,0,0,0,16395,0
67,36889.0,3,1,0,0,1,19682,1
51,34494.0,5,0,0,0,0,15394,0
61,39029.0,4,0,0,0,0,24646,0
56,35150.0,1,1,0,0,1,16705,1
43,38012.0,3,0,0,0,0,21642,0
40,38751.0,7,3,0,1,0,23926,1
46,35903.0,7,0,0,0,0,18487,0
33,33342.0,7,0,0,0,0,14102,0
37,28708.0,3,0,0,0,0,6633,0
46,42260.0,4,5,0,1,0,32634,1
46,28674.0,3,0,0,0,0,6628,0
44,38245.0,5,2,0,1,0,22766,1
42,26970.0,4,0,0,0,0,4770,0
40,45364.0,7,0,0,0,0,38249,0
19,61817.0,6,0,1,0,0,79547,1
46,34847.0,5,4,0,1,0,15825,1
74,19774.0,1,1,0,0,1,663,1
36,36681.0,4,0,0,0,0,19456,0
57,70235.0,5,0,1,0,1,101881,2
45,46630.0,2,1,0,0,0,42142,0
29,65327.0,4,1,1,0,0,90078,1
23,44358.0,6,1,0,0,0,36524,0
64,20479.0,3,1,0,0,1,931,1
27,46143.0,4,2,0,0,0,40205,0
37,26969.0,3,0,0,0,0,4890,0
50,31972.0,3,2,0,0,0,11628,0
58,52582.0,1,0,0,0,0,54533,0
38,52478.0,5,3,1,1,0,54382,2
33,55376.0,6,1,1,0,0,62092,1
41,29036.0,6,4,0,1,0,6880,1
47,40216.0,6,3,0,1,0,26677,1
37,40362.0,4,3,0,1,0,27014,1
25,55336.0,7,1,0,0,0,61671,0
47,46208.0,3,1,0,0,0,40533,0
34,63451.0,5,0,1,0,0,83809,1
45,38868.0,6,4,0,1,0,24092,1
21,28164.0,6,2,0,1,0,5549,1
57,42531.0,6,0,0,0,0,33249,0
30,51339.0,4,2,0,0,0,51469,0
19,29936.0,6,0,0,0,0,7521,0
53,24993.0,4,0,0,0,1,2418,1
37,54117.0,7,1,0,0,0,57672,0
32,39384.0,6,2,0,1,0,25159,1
16,43349.0,3,0,0,0,0,34895,0
36,39404.0,5,1,0,0,0,25187,0
38,32037.0,2,1,0,0,0,11654,0
35,38244.0,6,0,0,0,0,22592,0
35,32524.0,3,1,0,0,0,13252,0
40,70904.0,3,3,0,1,0,104959,1
36,28560.0,2,0,0,0,0,6566,0
40,42341.0,2,0,0,0,0,32597,0
45,26896.0,4,1,0,0,0,4085,0
42,41279.0,7,0,0,0,0,30444,0
19,45301.0,3,1,0,0,0,37739,0
36,55342.0,7,1,1,0,0,61690,1
45,50232.0,7,3,1,1,0,49337,2
39,52632.0,7,4,0,1,0,54848,1
39,44433.0,5,0,0,0,0,36111,0
67,50240.0,4,0,0,0,1,49309,1
37,32357.0,2,3,0,0,0,13007,0
38,49050.0,2,0,1,0,0,47464,1
46,41268.0,6,0,0,0,0,30102,0
38,54573.0,2,0,1,0,0,59043,1
54,50766.0,4,0,1,0,0,49983,1
16,41392.0,5,0,0,0,0,30584,0
30,43097.0,4,0,0,0,0,34658,0
40,53176.0,7,0,1,0,0,55930,1
47,55329.0,4,1,1,0,0,61594,1
39,55001.0,4,3,1,1,0,60103,2
40,29681.0,5,0,0,0,0,7200,0
51,43768.0,6,0,0,0,0,35314,0
57,31474.0,4,1,0,0,1,10105,1
30,47414.0,7,3,0,1,0,43725,1
27,47984.0,7,1,0,0,0,45474,0
45,50710.0,7,1,1,0,0,49824,1
38,38501.0,3,1,0,0,0,23644,0
24,49185.0,3,0,0,0,0,47771,0
50,28289.0,4,2,0,0,0,5956,0
36,33328.0,6,1,0,0,0,13964,0
33,38158.0,3,0,0,0,0,23170,0
35,39841.0,6,1,0,0,0,25352,0
29,32682.0,5,0,0,0,0,13338,0
69,48055.0,6,3,0,1,1,45783,2
29,25124.0,2,0,0,0,0,2605,0
59,48706.0,1,2,1,0,1,47278,2
14,39234.0,3,0,0,0,0,24694,0
35,50245.0,3,0,1,0,0,49293,1
32,21029.0,6,0,0,0,0,1071,0
34,50470.0,4,1,0,0,0,49418,0
64,46131.0,3,0,0,0,0,40360,0
33,43216.0,5,4,0,1,0,34737,1
53,35118.0,5,1,0,0,0,16695,0
36,54449.0,3,0,1,0,0,58456,1
43,51929.0,6,2,1,1,0,53226,2
46,46205.0,4,1,0,0,0,40524,0
40,55330.0,4,2,1,0,0,60877,1
33,38461.0,7,1,0,0,0,23778,0
63,23562.0,2,0,0,0,1,1893,1
18,42436.0,2,1,0,0,0,32988,0
26,59102.0,3,3,1,0,0,73798,1
69,44408.0,1,0,0,0,1,36208,1
39,37468.0,4,1,0,0,0,20776,0
52,51676.0,4,0,1,0,0,52777,1
34,50940.0,6,0,0,0,0,50676,0
29,37492.0,6,0,0,0,0,20570,0
34,50226.0,7,0,0,0,0,49188,0
43,31962.0,3,5,0,1,0,11395,1
30,37502.0,4,0,0,0,0,20631,0
46,61968.0,7,5,1,1,0,80240,2
34,55346.0,3,0,1,0,0,61458,1
43,36444.0,6,0,0,0,0,19214,0
40,48070.0,7,1,1,0,0,45843,1
37,56562.0,7,2,1,1,0,67667,2
20,54919.0,7,0,1,0,0,59723,1
36,45721.0,6,0,0,0,0,39296,0
41,54860.0,7,1,1,0,0,59897,1
86,25112.0,6,1,0,0,1,2487,1
43,37993.0,5,0,0,0,0,21588,0
45,39847.0,7,0,0,0,0,25455,0
29,54044.0,3,2,1,0,0,57586,1
26,48537.0,4,1,0,0,0,46404,0
42,33339.0,6,0,0,0,0,14095,0
24,40910.0,3,4,0,1,0,27800,1
42,69682.0,7,2,1,1,0,100914,2
36,55077.0,2,0,1,0,0,60385,1
24,31868.0,3,3,0,0,0,10552,0
18,46611.0,2,3,0,0,0,41878,0
44,55278.0,5,0,1,0,0,60929,1
52,41287.0,4,2,0,0,0,30226,0
57,65214.0,3,0,1,0,1,89697,2
47,39622.0,5,0,0,0,0,25301,0
35,55284.0,3,0,1,0,0,61538,1
22,46523.0,3,1,0,0,0,40837,0
59,55954.0,3,1,1,0,0,64637,1
48,48050.0,5,0,1,0,0,45480,1
38,53622.0,7,0,1,0,0,56837,1
35,41270.0,7,0,0,0,0,30386,0
55,70156.0,3,1,1,0,1,101794,2
34,48581.0,4,2,0,0,0,46960,0
51,64731.0,1,2,1,0,0,86462,1
70,31933.0,6,0,0,0,1,10798,1
36,30830.0,2,3,0,0,0,8678,0
31,55915.0,3,0,0,0,1,64224,1
33,46603.0,2,4,0,0,0,41191,0
32,52411.0,3,1,0,0,0,54022,0
50,28289.0,4,2,0,0,0,5956,0
41,33903.0,5,3,0,1,0,14913,1
41,53992.0,7,0,1,0,0,57592,1
24,47413.0,7,4,0,1,0,43719,1
50,55499.0,6,2,1,0,0,62560,1
41,46590.0,2,0,0,0,0,41569,0
36,31706.0,2,4,0,0,0,10470,0
25,55273.0,3,1,1,0,0,61402,1
79,31329.0,4,0,0,0,1,9615,1
24,56622.0,4,1,1,0,0,67345,1
44,54953.0,4,1,1,0,0,60298,1
45,54862.0,7,7,1,1,0,59695,2
40,34698.0,3,0,0,0,0,15451,0
45,42224.0,7,0,0,0,0,32509,0
49,28322.0,6,3,0,1,0,5711,1
38,46526.0,4,0,0,0,0,40627,0
34,50510.0,3,0,0,0,0,49424,0
30,31043.0,6,0,0,0,0,8863,0
32,33962.0,5,0,0,0,0,15113,0
43,33647.0,7,0,0,0,0,14238,0
21,50083.0,6,1,0,0,0,49105,0
43,29739.0,4,3,0,1,0,7289,1
46,38498.0,3,3,0,0,0,23546,0
38,48612.0,7,0,1,0,0,47070,1
17,50905.0,4,3,0,1,0,50337,1
38,39274.0,7,0,0,0,0,24914,0
28,41548.0,4,0,0,0,0,30646,0
54,28258.0,3,2,0,0,0,6416,0
59,54598.0,2,0,1,0,0,59034,1
29,35853.0,7,1,0,0,0,18463,0
34,39832.0,2,4,0,0,0,25630,0
32,51509.0,5,0,0,0,0,52155,0
59,42666.0,5,1,0,0,1,34429,1
39,55284.0,3,1,1,0,0,61536,1
26,53713.0,2,0,1,0,0,56962,1
38,52574.0,2,0,1,0,0,54658,1
38,55505.0,5,2,0,0,0,62349,0
43,48041.0,6,0,1,0,0,45630,1
48,46024.0,5,0,0,0,0,40063,0
33,30117.0,5,0,0,0,0,8158,0
28,50141.0,3,0,1,0,0,48833,1
34,43760.0,6,0,0,0,0,35479,0
40,48035.0,3,1,1,0,0,45170,1
25,35375.0,5,2,0,0,0,18046,0
40,54913.0,2,0,1,0,0,60061,1
19,71457.0,3,0,1,0,0,107860,1
17,54911.0,3,0,1,0,0,60067,1
23,44449.0,5,2,0,0,0,36050,0
20,45957.0,2,0,0,0,0,40169,0
27,40034.0,7,0,0,0,0,26486,0
34,48518.0,6,0,0,0,0,46414,0
43,35845.0,2,0,0,0,0,18229,0
32,47204.0,3,0,0,0,0,43347,0
49,38142.0,5,2,0,0,0,22420,0
45,38152.0,3,0,0,0,0,22557,0
47,26963.0,3,1,0,0,0,4903,0
79,52529.0,5,1,0,0,1,54155,1
41,40740.0,5,1,0,0,0,27341,0
30,32396.0,6,0,0,0,0,12953,0
22,44416.0,5,2,0,0,0,36253,0
30,33143.0,6,1,0,0,0,13762,0
47,53424.0,3,1,1,0,0,56548,1
47,31851.0,2,4,0,0,0,11005,0
34,30033.0,4,1,0,0,0,7704,0
27,52740.0,2,0,0,0,0,55190,0
24,50054.0,6,0,0,0,0,49028,0
41,48333.0,5,0,1,0,0,46049,1
40,51031.0,4,0,1,0,0,50961,1
47,17790.0,7,0,0,0,0,260,0
36,30507.0,4,1,0,0,0,8406,0
51,50862.0,3,0,1,0,0,50491,1
37,55535.0,3,1,0,0,0,62553,0
19,48668.0,2,0,0,0,0,47264,0
47,45978.0,7,1,0,0,0,39982,0
45,36348.0,6,1,0,0,0,19071,0
36,38710.0,3,1,0,0,0,23817,0
81,35273.0,1,0,0,0,1,17184,1
52,54381.0,1,2,1,0,1,58377,2
44,36655.0,4,1,0,0,0,19452,0
27,30367.0,6,2,0,1,0,8355,1
40,47972.0,3,1,0,0,0,44585,0
34,54083.0,5,5,1,1,0,57742,2
32,42005.0,3,2,0,0,0,31879,0
56,48589.0,5,2,1,0,1,46990,2
52,44364.0,5,2,0,0,0,36048,0
35,28614.0,5,3,0,1,0,6562,1
35,30387.0,3,3,0,0,0,8383,0
40,23100.0,6,1,0,0,0,1680,0
34,26984.0,4,0,0,0,0,4723,0
35,53590.0,2,1,1,0,0,56924,1
43,41102.0,6,0,0,0,0,29925,0
48,45410.0,4,0,0,0,0,38064,0
41,51921.0,4,1,1,0,0,53523,1
33,44077.0,4,0,0,0,0,35757,0
31,55078.0,7,4,1,1,0,60518,2
15,42722.0,4,1,0,0,0,34103,0
23,53566.0,4,1,1,0,0,56807,1
49,32917.0,3,0,0,0,0,13581,0
19,45989.0,4,0,0,0,0,39872,0
50,42383.0,5,3,0,1,0,33032,1
26,35864.0,4,1,0,0,0,18354,0
22,39410.0,7,1,0,0,0,25181,0
30,41242.0,6,0,0,0,0,30084,0
40,28531.0,4,4,0,1,0,6494,1
42,26324.0,5,0,0,0,0,3807,0
57,40994.0,2,0,0,0,0,28103,0
34,67065.0,5,1,1,0,0,93496,1
33,35130.0,2,3,0,0,0,16484,0
24,37549.0,6,4,0,1,0,20425,1
31,54027.0,3,1,1,0,0,57107,1
34,29698.0,6,1,0,0,0,7232,0
44,18793.0,7,1,0,0,0,607,0
52,47968.0,4,4,1,1,0,44342,2
51,42705.0,2,1,0,0,0,34314,0
66,48301.0,5,0,0,0,1,46151,1
24,32153.0,6,1,0,0,0,11966,0
45,50905.0,4,3,1,1,0,50336,2
18,34959.0,6,3,0,1,0,16312,1
58,37503.0,2,0,0,0,0,20624,0
51,45402.0,3,5,0,1,0,37901,1
34,46072.0,7,1,0,0,0,40191,0
55,54374.0,5,0,1,0,1,58335,2
37,37515.0,2,0,0,0,0,20842,0
31,27870.0,7,4,0,1,0,5448,1
35,35444.0,3,0,0,0,0,17849,0
28,35040.0,3,0,0,0,0,16257,0
40,52196.0,3,0,1,0,0,53706,1
30,54345.0,6,0,1,0,0,57929,1
33,26080.0,7,1,0,0,0,3340,0
37,49032.0,4,5,0,1,0,47454,1
12,37904.0,7,1,0,0,0,21081,0
41,45437.0,7,0,0,0,0,38178,0
27,26150.0,6,0,0,0,0,3292,0
58,27290.0,2,1,0,0,0,5227,0
24,42049.0,7,4,0,1,0,31483,1
35,38165.0,2,0,0,0,0,22994,0
33,33919.0,4,1,0,0,0,14769,0
54,62772.0,2,4,1,0,0,82840,1
32,54049.0,7,0,1,0,0,57124,1
35,48037.0,7,0,1,0,0,44712,1
40,55352.0,5,0,1,0,0,62127,1
44,17751.0,4,0,0,0,0,340,0
26,55519.0,4,0,0,0,0,62171,0
56,48395.0,6,4,1,1,0,46225,2
29,48242.0,5,0,0,0,0,46036,0
61,54186.0,2,0,0,0,0,57783,0
28,45699.0,5,5,0,1,0,39368,1
36,38859.0,5,1,0,0,0,24309,0
43,54361.0,3,2,1,0,0,58533,1
42,39801.0,3,1,0,0,0,25654,0
53,53959.0,4,1,1,0,0,57642,1
36,47987.0,6,2,0,1,0,45103,1
38,50799.0,6,2,1,1,0,49975,2
30,35884.0,3,2,0,0,0,18731,0
20,29045.0,7,0,0,0,0,6847,0
20,63812.0,3,1,1,0,0,84049,1
31,44425.0,2,1,0,0,0,36289,0
50,40752.0,2,1,0,0,0,27498,0
29,44375.0,7,2,0,1,0,36052,1
55,55405.0,6,1,1,0,1,62091,2
30,35091.0,4,0,0,0,0,16591,0
26,31919.0,2,1,0,0,0,10700,0
45,52531.0,3,0,1,0,0,54360,1
45,46581.0,7,0,0,0,0,42354,0
41,26938.0,6,7,0,1,0,4066,1
27,45674.0,5,0,0,0,0,39039,0
27,44449.0,5,0,0,0,0,36338,0
46,25364.0,6,1,0,0,0,2755,0
61,44416.0,4,0,0,0,0,35874,0
25,40987.0,2,0,0,0,0,28242,0
52,28329.0,4,1,0,0,0,5855,0
56,30141.0,3,2,0,0,0,8099,0
21,38542.0,4,0,0,0,0,23640,0
50,29684.0,6,0,0,0,0,7169,0
37,28252.0,2,0,0,0,0,6424,0
45,55377.0,1,0,1,0,0,61965,1
39,55065.0,3,1,1,0,0,60382,1
20,41059.0,4,0,0,0,0,29396,0
53,50643.0,2,1,1,0,0,49803,1
39,56986.0,2,0,1,0,0,69086,1
45,38115.0,6,1,0,0,0,22139,0
27,40704.0,4,7,0,1,0,27370,1
39,42426.0,5,1,0,0,0,32803,0
36,55535.0,5,0,0,0,0,62155,0
33,36265.0,7,3,0,1,0,19054,1
37,43804.0,4,1,0,0,0,35318,0
34,37861.0,2,1,0,0,0,21119,0
45,54996.0,2,1,1,0,0,60134,1
71,55483.0,2,2,0,0,1,62500,1
40,42352.0,5,4,0,1,0,33041,1
56,48107.0,1,1,1,0,0,45838,1
35,45468.0,5,1,0,0,0,38404,0
33,45385.0,6,0,0,0,0,38106,0
50,27040.0,4,4,0,1,0,4393,1
44,35367.0,7,0,0,0,0,17701,0
40,54066.0,7,4,1,1,0,57703,2
37,32093.0,2,0,0,0,0,11900,0
49,27030.0,2,0,0,0,0,4885,0
33,55341.0,6,0,1,0,0,61491,1
30,38461.0,5,1,0,0,0,23551,0
36,45884.0,6,1,0,0,0,39713,0
44,55258.0,7,3,1,1,0,60893,2
37,55573.0,5,1,0,0,0,62909,0
55,42246.0,1,0,0,0,1,32261,1
51,54402.0,4,0,1,0,0,58576,1
29,52690.0,2,0,0,0,0,55267,0
34,35375.0,7,0,0,0,0,17789,0
34,41625.0,7,1,0,0,0,30932,0
32,35391.0,6,1,0,0,0,17635,0
36,39347.0,6,0,0,0,0,25002,0
35,35370.0,6,0,0,0,0,17952,0
35,46469.0,5,1,0,0,0,40860,0
72,39869.0,4,1,0,0,1,25780,1
44,45426.0,4,0,0,0,0,37885,0
51,36744.0,4,0,0,0,0,19500,0
35,29920.0,3,2,0,0,0,7477,0
42,46154.0,2,2,0,0,0,40493,0
39,35435.0,5,0,0,0,0,17574,0
41,48981.0,4,2,1,0,0,47407,1
36,23097.0,3,1,0,0,0,1655,0
46,42744.0,7,0,0,0,0,33968,0
43,47951.0,4,0,1,0,0,44373,1
17,47981.0,7,0,1,0,0,45174,1
30,26983.0,4,0,0,0,0,4670,0
26,22488.0,5,0,0,0,0,1342,0
32,53215.0,4,0,1,0,0,56134,1
49,48525.0,4,0,1,0,0,46468,1
47,23471.0,4,5,0,1,0,1817,1
45,44392.0,5,0,0,0,0,35943,0
41,26095.0,2,0,0,0,0,3362,0
29,49864.0,5,0,1,0,0,48494,1
40,37991.0,2,0,0,0,0,21866,0
82,37944.0,3,1,0,0,0,21327,0
39,55065.0,3,1,1,0,0,60382,1
33,27013.0,2,0,0,0,0,4331,0
36,52378.0,4,2,0,0,0,53921,0
39,46581.0,3,1,0,0,0,41247,0
45,55618.0,3,0,1,0,0,62925,1
20,30149.0,2,3,0,0,0,8105,0
47,49515.0,4,2,1,0,0,48007,1
46,53432.0,2,3,1,0,0,56624,1
34,69213.0,7,1,1,0,0,98078,1
38,54139.0,2,5,0,0,0,57685,0
26,50922.0,5,0,0,0,0,50469,0
36,51746.0,3,0,0,0,0,52924,0
30,51336.0,7,1,0,0,0,51510,0
37,35890.0,6,0,0,0,0,18559,0
14,38923.0,2,0,0,0,0,24257,0
39,51070.0,7,1,1,0,0,51299,1
29,38436.0,4,0,0,0,0,23275,0
43,50985.0,2,4,1,0,0,50892,1
35,45683.0,2,2,0,0,0,39243,0
31,46142.0,7,1,0,0,0,40174,0
50,50873.0,6,1,1,0,0,50445,1
40,40008.0,5,3,0,1,0,26501,1
44,42683.0,7,0,0,0,0,34114,0
37,53230.0,5,1,1,0,0,55704,1
86,40312.0,1,2,0,0,1,26893,1
22,43341.0,7,4,0,1,0,35063,1
18,45512.0,3,1,0,0,0,38730,0
35,31965.0,5,0,0,0,0,11557,0
35,39821.0,4,0,0,0,0,25611,0
34,48041.0,5,2,0,0,0,45506,0
30,41150.0,2,0,0,0,0,29539,0
35,47229.0,5,3,0,1,0,43320,1
40,29743.0,2,1,0,0,0,7182,0
53,30138.0,3,1,0,0,0,8080,0
46,48558.0,5,1,1,0,0,47082,1
24,44383.0,4,1,0,0,0,36095,0
33,38096.0,4,1,0,0,0,22320,0
41,23856.0,3,3,0,0,0,2010,0
44,52721.0,7,0,1,0,0,55271,1
54,41365.0,5,1,1,0,1,30589,2
49,46561.0,3,0,0,0,0,42482,0
47,51536.0,3,0,1,0,0,52544,1
56,28279.0,3,1,0,0,0,5969,0
52,39886.0,2,2,0,0,0,25778,0
37,27027.0,3,0,0,0,0,4302,0
54,64729.0,5,1,1,0,0,86597,1
32,41319.0,2,3,0,0,0,30196,0
18,34778.0,5,0,0,0,0,15735,0
34,43747.0,4,2,0,0,0,35174,0
40,46019.0,4,1,0,0,0,40146,0
30,47981.0,7,0,0,0,0,45181,0
31,33632.0,4,0,0,0,0,14255,0
49,28338.0,1,0,0,0,0,5762,0
38,45885.0,3,0,0,0,0,39675,0
20,53179.0,7,1,1,0,0,56114,1
44,26189.0,6,1,0,0,0,3561,0
44,29814.0,4,0,0,0,0,7402,0
36,28636.0,5,1,0,0,0,6610,0
31,31934.0,7,0,0,0,0,10979,0
44,65102.0,4,0,1,0,0,88919,1
43,38783.0,5,0,0,0,0,23920,0
48,34847.0,4,0,0,0,0,15826,0
41,43321.0,6,1,0,0,0,34840,0
45,36882.0,4,1,0,0,0,19691,0
25,43764.0,6,2,0,0,0,35372,0
41,38392.0,3,0,0,0,0,23291,0
40,26991.0,3,2,0,0,0,4411,0
65,55607.0,2,1,0,0,0,62701,0
37,34585.0,7,0,0,0,0,15414,0
40,41771.0,6,2,0,1,0,31051,1
26,38944.0,2,1,0,0,0,24079,0
40,46109.0,6,1,0,0,0,40264,0
38,48536.0,6,0,1,0,0,46279,1
41,53220.0,5,1,1,0,0,55973,1
33,42351.0,4,3,0,1,0,32943,1
27,39820.0,6,1,0,0,0,25363,0
39,47381.0,3,0,0,0,0,43730,0
44,54879.0,7,0,1,0,0,59422,1
54,65786.0,1,1,1,0,0,90674,1
44,67529.0,5,0,1,0,0,94035,1
57,47996.0,6,1,1,0,0,45108,1
35,31555.0,4,7,0,1,0,10373,1
47,46951.0,6,0,0,0,0,42978,0
27,54579.0,7,0,0,0,0,58989,0
56,33705.0,6,2,0,0,0,14576,0
46,45686.0,6,1,0,0,0,39429,0
34,63833.0,7,0,1,0,0,84722,1
48,53378.0,2,0,1,0,0,56527,1
34,28320.0,7,1,0,0,0,5981,0
19,25885.0,4,2,0,0,0,3102,0
50,29739.0,4,2,0,0,0,7167,0
32,38795.0,6,2,0,1,0,23931,1
35,72946.0,6,0,1,0,0,109671,1
45,51382.0,2,2,1,0,0,51830,1
34,40684.0,3,0,0,0,0,27359,0
31,38152.0,7,2,0,1,0,22517,1
32,46560.0,7,1,0,0,0,42267,0
34,46010.0,7,0,0,0,0,40170,0
24,55056.0,7,3,1,1,0,60367,2
40,52588.0,3,0,1,0,0,54986,1
46,33262.0,2,0,0,0,0,13871,0
37,41085.0,4,2,0,0,0,29654,0
43,54996.0,6,1,1,0,0,60310,1
28,26479.0,6,0,0,0,0,3963,0
30,37894.0,5,1,0,0,0,21407,0
50,55096.0,4,0,1,0,0,60432,1
27,39820.0,6,1,0,0,0,25363,0
36,42689.0,6,1,0,0,0,34441,0
31,28259.0,2,3,0,0,0,6320,0
51,50999.0,4,2,1,0,0,50917,1
48,39288.0,4,0,0,0,0,24859,0
41,44366.0,4,0,0,0,0,36644,0
28,45068.0,5,0,0,0,0,37449,0
37,69164.0,7,1,1,0,0,98799,1
41,44109.0,7,0,0,0,0,35698,0
50,45677.0,3,0,0,0,0,39313,0
48,25647.0,1,2,0,0,0,2895,0
48,53165.0,3,0,1,0,0,56120,1
38,42584.0,7,0,0,0,0,33794,0
39,38093.0,5,2,0,1,0,22333,1
35,28279.0,4,1,0,0,0,5974,0
37,41761.0,4,0,0,0,0,31126,0
32,39867.0,5,1,0,0,0,25686,0
17,49921.0,6,4,0,1,0,48671,1
44,32222.0,4,4,0,1,0,12116,1
49,39921.0,1,1,0,0,0,26078,0
37,46078.0,5,0,0,0,0,40392,0
46,26969.0,3,4,0,1,0,4891,1
43,40894.0,7,3,0,1,0,27960,1
37,41849.0,4,0,0,0,0,31263,0
47,44382.0,2,5,0,1,0,36811,1
34,50510.0,3,0,0,0,0,49424,0
37,46630.0,6,0,0,0,0,42378,0
38,46526.0,4,0,0,0,0,40627,0
52,53193.0,1,1,1,0,0,55811,1
33,55271.0,2,2,1,0,0,61307,1
47,41018.0,2,1,0,0,0,28762,0
46,51344.0,4,0,1,0,0,51578,1
29,34349.0,5,0,0,0,0,15277,0
39,31153.0,6,1,0,0,0,9529,0
29,43172.0,2,0,0,0,0,34677,0
30,37707.0,6,1,0,0,0,20897,0
37,55317.0,6,0,1,0,0,61304,1
39,77083.0,6,1,1,0,0,115709,1
25,42290.0,6,0,0,0,0,32590,0
26,26965.0,2,0,0,0,0,4362,0
27,54897.0,6,2,0,0,0,59597,0
48,55447.0,2,0,1,0,0,61877,1
28,38968.0,6,0,0,0,0,24524,0
31,26189.0,6,1,0,0,0,3441,0
22,42177.0,6,4,0,1,0,32231,1
40,37987.0,3,0,0,0,0,22052,0
22,30953.0,6,4,0,1,0,9239,1
52,51924.0,6,2,1,0,0,53342,1
39,40307.0,7,1,0,0,0,26842,0
40,42663.0,2,2,0,0,0,33981,0
44,50073.0,2,2,1,0,0,48856,1
42,15562.0,7,2,0,1,0,155,1
20,46618.0,4,1,0,0,0,42009,0
43,45122.0,5,0,0,0,0,37501,0
65,36300.0,4,0,0,0,1,19108,1
31,47969.0,5,0,0,0,0,44888,0
47,33877.0,3,2,0,0,0,14993,0
30,19856.0,3,0,0,0,0,765,0
37,50971.0,5,0,1,0,0,51026,1
40,42695.0,3,1,0,0,0,34267,0
70,31467.0,1,0,0,0,1,10017,1
42,51891.0,5,0,1,0,0,53124,1
65,42034.0,2,3,0,0,1,31535,1
39,41623.0,4,0,0,0,0,30818,0
36,51854.0,3,0,0,0,0,53170,0
39,21542.0,6,1,0,0,0,1143,0
40,31853.0,7,1,0,0,0,10584,0
45,55975.0,2,0,1,0,0,65164,1
39,41759.0,7,0,0,0,0,31256,0
33,66958.0,5,1,1,0,0,93099,1
27,40697.0,5,0,0,0,0,27309,0
22,53433.0,2,5,1,1,0,56642,2
26,26144.0,4,0,0,0,0,3192,0
36,42570.0,4,0,0,0,0,33788,0
35,53585.0,6,1,1,0,0,56772,1
36,29713.0,3,1,0,0,0,7259,0
35,45262.0,6,1,0,0,0,37786,0
25,46509.0,3,0,0,0,0,40641,0
61,29092.0,5,2,0,0,1,6984,1
49,47057.0,5,0,1,0,0,43213,1
42,39872.0,6,3,0,1,0,26183,1
30,31057.0,5,0,0,0,0,9487,0
49,61880.0,2,0,1,0,0,80117,1
32,54773.0,3,0,1,0,0,59276,1
28,43296.0,4,0,0,0,0,35079,0
26,27207.0,5,3,0,1,0,5135,1
34,50970.0,2,2,0,0,0,50817,0
40,17751.0,4,0,0,0,0,332,0
18,32075.0,3,6,0,1,0,11877,1
39,47102.0,4,2,0,0,0,43265,0
20,53336.0,6,1,1,0,0,56318,1
36,38004.0,6,0,0,0,0,21436,0
62,55307.0,5,0,1,0,0,60863,1
34,48497.0,2,0,0,0,0,46482,0
48,35403.0,2,1,0,0,0,17640,0
42,44015.0,5,6,0,1,0,35549,1
29,48002.0,2,0,0,0,0,45749,0
39,25233.0,5,1,0,0,1,2691,1
25,28316.0,6,0,0,0,0,6014,0
30,37816.0,4,0,0,0,0,21010,0
41,55349.0,7,1,1,0,0,60897,1
46,26957.0,2,0,0,0,0,4584,0
60,39848.0,2,2,0,0,0,25476,0
42,37501.0,4,0,0,0,0,20305,0
53,45478.0,5,0,0,0,0,38668,0
34,24688.0,2,0,0,0,0,2306,0
33,48324.0,6,0,0,0,0,46070,0
42,67374.0,7,0,1,0,0,93800,1
67,55266.0,1,0,0,0,0,60671,0
60,45431.0,1,0,0,0,1,38284,1
52,48614.0,1,1,1,0,0,46665,1
49,57530.0,2,0,1,0,0,70108,1
27,41569.0,2,1,0,0,0,30775,0
46,35338.0,5,2,0,1,0,17199,1
74,50242.0,1,0,0,0,1,49178,1
53,69625.0,6,0,1,0,0,100544,1
27,43113.0,2,1,0,0,0,34639,0
45,47146.0,4,2,1,0,0,43209,1
49,32411.0,3,0,0,0,0,13145,0
52,39674.0,4,0,0,0,0,25328,0
20,52377.0,5,0,0,0,0,54027,0
36,36404.0,2,0,0,0,0,19271,0
41,26980.0,4,1,0,0,0,5011,0
24,41963.0,5,0,0,0,0,31851,0
21,52372.0,7,1,0,0,0,53960,0
39,41018.0,2,2,0,0,0,28763,0
35,41117.0,5,0,0,0,0,29713,0
43,71793.0,4,0,1,0,0,109007,1
24,38012.0,5,2,0,0,0,21751,0
42,26993.0,3,0,0,0,0,4176,0
47,38040.0,6,1,0,0,0,21688,0
19,34996.0,2,1,0,0,0,16217,0
39,47971.0,2,0,0,0,0,44197,0
34,46618.0,6,0,0,0,0,41968,0
48,32296.0,7,1,0,0,0,12831,0
43,50892.0,4,2,1,0,0,50525,1
73,37995.0,2,0,0,0,0,21970,0
37,46156.0,7,0,0,0,0,40551,0
30,32181.0,3,0,0,0,0,12698,0
52,53984.0,4,1,1,0,0,57620,1
44,30037.0,7,1,0,0,0,7849,0
30,47999.0,4,0,0,0,0,44073,0
41,31924.0,5,0,0,0,0,10989,0
29,31045.0,4,0,0,0,0,9070,0
50,43274.0,6,0,0,0,0,34942,0
38,42644.0,4,1,1,0,0,33718,1
30,38127.0,5,1,0,0,0,22232,0
67,52695.0,3,0,1,0,1,55222,2
52,37519.0,5,0,0,0,0,20678,0
37,35447.0,4,0,0,0,0,17489,0
33,42411.0,7,1,0,0,0,33098,0
29,28141.0,3,1,0,0,0,5510,0
41,46766.0,6,1,1,0,0,42667,1
35,69620.0,5,2,1,0,0,100766,1
35,41270.0,7,0,0,0,0,30386,0
61,33912.0,6,0,0,0,0,14651,0
30,58569.0,7,1,1,0,0,72044,1
48,35403.0,2,1,0,0,0,17640,0
47,51932.0,2,1,1,0,0,53251,1
42,29784.0,6,0,0,0,0,7320,0
40,55352.0,5,0,1,0,0,62127,1
12,34800.0,4,3,0,1,0,15668,1
50,30546.0,5,1,0,0,0,8468,0
54,55287.0,4,0,1,0,0,60582,1
36,46067.0,2,4,0,0,0,40297,0
68,36863.0,6,0,0,0,1,19707,1
18,54609.0,2,0,0,0,0,58829,0
39,41060.0,6,1,0,0,0,29766,0
37,28252.0,2,0,0,0,0,6424,0
45,40941.0,2,1,0,0,0,27775,0
26,32436.0,7,0,0,0,0,12958,0
51,52555.0,3,0,1,0,0,54569,1
44,44736.0,5,3,0,1,0,37001,1
21,38011.0,4,5,0,1,0,21470,1
49,41148.0,3,0,0,0,0,29318,0
35,35900.0,5,2,0,0,0,18783,0
46,52228.0,6,5,1,1,0,53745,2
44,27037.0,6,1,0,0,0,4379,0
66,55469.0,1,0,0,0,0,62288,0
32,37520.0,2,0,0,0,0,20501,0
51,38117.0,4,4,0,1,0,22346,1
30,44952.0,3,4,0,1,0,37414,1
42,21355.0,7,5,0,1,0,1105,1
46,46573.0,2,2,0,0,0,41282,0
55,29115.0,2,0,0,0,0,6961,0
23,47963.0,6,1,0,0,0,44758,0
24,41039.0,7,1,0,0,0,28404,0
43,34116.0,4,2,0,0,0,15185,0
46,51891.0,6,0,1,0,0,53453,1
50,54882.0,6,0,1,0,0,59655,1
36,50581.0,6,0,0,0,0,49795,0
27,33884.0,2,0,0,0,0,14960,0
39,42740.0,6,2,0,1,0,34065,1
19,31914.0,2,2,0,0,0,10634,0
41,53239.0,6,4,1,1,0,55963,2
32,40644.0,2,0,0,0,0,27247,0
18,48077.0,5,2,0,0,0,45819,0
36,42605.0,5,1,0,0,0,33752,0
43,46643.0,3,0,1,0,0,42166,1
38,39274.0,6,5,0,1,0,24783,1
51,48037.0,6,1,1,0,0,44713,1
48,70689.0,6,0,1,0,0,103151,1
30,49832.0,2,1,1,0,0,48350,1
24,41304.0,4,0,0,0,0,30447,0
36,41064.0,6,0,0,0,0,29303,0
41,45458.0,7,4,0,1,0,38586,1
41,54418.0,4,2,1,0,0,58141,1
39,44364.0,4,0,0,0,0,36667,0
53,38015.0,5,1,0,0,0,22010,0
36,48031.0,5,2,0,0,0,45353,0
31,29865.0,6,1,0,0,0,7584,0
41,29057.0,7,0,0,0,0,6964,0
51,52566.0,3,2,1,0,0,54542,1
43,51509.0,4,0,1,0,0,52470,1
57,53346.0,2,3,1,0,0,56266,1
33,49678.0,2,1,0,0,0,48100,0
48,42021.0,5,1,0,0,0,31831,0
50,49201.0,3,4,1,1,0,47743,2
32,50638.0,5,1,0,0,0,49683,0
50,48306.0,2,0,1,0,0,46209,1
48,32433.0,1,0,0,0,0,12990,0
41,41770.0,6,1,0,0,0,31128,0
35,41111.0,3,0,0,0,0,29678,0
31,53188.0,3,2,1,0,0,55858,1
44,43349.0,3,1,0,0,0,35071,0
30,47958.0,4,0,0,0,0,44947,0
54,55104.0,3,1,1,0,0,60524,1
32,38810.0,2,7,0,0,0,23936,0
56,42613.0,2,2,1,0,0,33827,1
26,50873.0,6,0,0,0,0,50383,0
38,37314.0,7,1,0,0,0,20156,0
45,54863.0,7,1,1,0,0,60033,1
34,42348.0,2,3,0,0,0,32766,0
45,51836.0,3,1,1,0,0,53012,1
34,30200.0,4,0,0,0,0,8218,0
47,25088.0,2,0,0,0,0,2611,0
32,55648.0,6,2,1,0,0,62876,1
30,41347.0,3,0,0,0,0,30337,0
40,55523.0,7,4,1,1,0,62214,2
48,46557.0,6,1,0,0,0,41349,0
34,26958.0,2,1,0,0,0,4290,0
48,54369.0,3,0,1,0,1,58177,2
28,28270.0,6,0,0,0,0,5938,0
38,37653.0,4,2,0,0,0,20917,0
49,45772.0,5,1,0,0,0,39519,0
73,48302.0,1,1,0,0,1,46139,1
18,45428.0,7,1,0,0,0,38062,0
50,31970.0,5,3,0,1,0,11696,1
40,42649.0,7,0,1,0,0,33856,1
42,34122.0,2,0,0,0,0,15189,0
54,22757.0,2,0,0,0,1,1437,1
40,46755.0,7,1,1,0,0,42776,1
31,38876.0,3,2,0,0,0,24159,0
29,55275.0,3,0,1,0,0,61496,1
33,26310.0,6,0,0,0,0,3655,0
48,52629.0,4,3,1,1,0,54984,2
62,43799.0,4,1,0,0,0,35377,0
35,55325.0,3,2,1,0,0,60737,1
35,42461.0,4,1,0,0,0,33383,0
29,52836.0,5,1,0,0,0,55402,0
38,48625.0,5,3,1,1,0,46785,2
48,33051.0,4,1,0,0,0,13726,0
59,50098.0,4,2,1,0,0,48744,1
41,41100.0,3,0,0,0,0,29330,0
43,39774.0,5,1,0,0,0,25564,0
46,73097.0,5,0,1,0,0,110243,1
23,31547.0,6,0,0,0,0,9999,0
34,44621.0,5,0,0,0,0,36909,0
39,55281.0,4,0,1,0,0,61017,1
34,52631.0,2,0,0,0,0,54824,0
57,28371.0,6,1,0,0,0,6447,0
51,37987.0,3,2,0,0,0,21761,0
45,42320.0,4,1,0,0,0,32716,0
36,53591.0,6,0,1,0,0,56902,1
36,37993.0,5,1,0,0,0,21589,0
45,48066.0,5,0,1,0,0,45902,1
32,39267.0,7,0,0,0,0,25018,0
22,38837.0,2,1,0,0,0,23942,0
22,42151.0,3,1,0,0,0,32546,0
33,31329.0,5,0,0,0,0,9616,0
57,42599.0,5,0,0,0,1,33698,1
47,31956.0,2,0,0,0,0,11381,0
28,32046.0,6,0,0,0,0,11425,0
37,55552.0,6,0,1,0,0,62813,1
33,37957.0,7,0,0,0,0,21664,0
45,42463.0,6,1,0,0,0,33488,0
38,41804.0,3,2,0,0,0,31270,0
57,45351.0,1,0,0,0,1,38001,1
47,47988.0,3,1,1,0,0,44177,1
33,51926.0,7,2,0,1,0,53169,1
28,53236.0,7,0,1,0,0,55598,1
28,26079.0,6,1,0,0,0,3316,0
51,46592.0,3,0,0,0,0,41542,0
49,54334.0,6,0,1,0,0,57971,1
41,34703.0,3,3,0,0,0,15547,0
44,47984.0,4,0,1,0,0,44546,1
51,55315.0,3,0,1,0,0,60607,1
32,35284.0,7,0,0,0,0,16958,0
22,30024.0,2,1,0,0,0,7836,0
41,37248.0,6,0,0,0,0,20061,0
31,77086.0,6,0,1,0,0,115059,1
43,38060.0,6,2,0,1,0,22332,1
40,51260.0,3,1,1,0,0,51737,1
42,52627.0,6,0,1,0,0,54594,1
25,35339.0,5,0,0,0,0,16787,0
50,39948.0,5,1,0,0,0,26360,0
20,34848.0,7,7,0,1,0,15814,1
38,52472.0,2,0,1,0,0,54337,1
45,47390.0,3,0,1,0,0,43667,1
44,48707.0,7,1,1,0,0,47154,1
39,42678.0,7,3,0,1,0,34289,1
35,55281.0,4,1,1,0,0,61014,1
41,50227.0,5,2,1,0,0,49297,1
16,18762.0,4,2,0,0,0,560,0
41,26833.0,5,0,0,0,0,4035,0
29,41532.0,4,1,0,0,0,30661,0
32,28277.0,3,0,0,0,0,6327,0
37,43289.0,7,0,0,0,0,34982,0
34,37957.0,7,0,0,0,0,21723,0
38,55631.0,3,3,1,0,0,62851,1
33,50583.0,6,0,0,0,0,49482,0
14,35886.0,3,0,0,0,0,18865,0
27,31318.0,2,3,0,0,0,9554,0
51,37908.0,1,1,0,0,0,21059,0
47,53845.0,2,0,1,0,0,57047,1
32,51525.0,3,1,0,0,0,52535,0
51,46059.0,5,2,0,0,0,40433,0
66,47160.0,6,0,0,0,0,43422,0
38,30107.0,4,3,0,1,0,8177,1
38,53210.0,5,0,1,0,0,56209,1
35,42709.0,7,1,0,0,0,34443,0
42,34966.0,5,0,0,0,0,15991,0
26,71500.0,2,1,1,0,0,107220,1
39,48976.0,6,0,1,0,0,47441,1
42,46586.0,5,0,0,0,0,41468,0
51,45473.0,1,3,0,0,0,38673,0
24,39787.0,2,0,0,0,0,25366,0
51,53369.0,2,4,1,0,0,56510,1
31,26289.0,2,2,0,0,0,3779,0
68,41993.0,6,0,0,0,0,31523,0
49,29056.0,5,0,0,0,0,6890,0
82,72913.0,5,1,1,0,0,109568,1
62,38240.0,4,0,0,0,0,22445,0
47,46355.0,3,0,0,0,0,40588,0
33,54793.0,6,1,1,0,0,59246,1
90,38190.0,4,3,0,0,0,22454,0
38,47997.0,6,0,0,0,0,45599,0
37,49795.0,7,4,0,1,0,48154,1
35,41388.0,6,1,0,0,0,30595,0
56,40296.0,2,4,0,0,0,26863,0
37,53440.0,6,0,1,0,0,56456,1
35,48514.0,3,3,1,0,0,46501,1
41,44543.0,6,2,0,1,0,36857,1
53,26957.0,2,0,0,0,0,4577,0
51,24972.0,1,0,0,0,0,2435,0
37,35417.0,5,0,0,0,0,17394,0
41,48689.0,2,0,1,0,0,47251,1
46,39228.0,4,2,0,0,0,24696,0
38,52717.0,2,0,1,0,0,55219,1
52,29711.0,5,0,0,0,0,7243,0
49,50768.0,3,1,1,0,0,50153,1
34,46804.0,2,0,0,0,0,42809,0
69,48100.0,3,0,1,0,0,45822,1
45,62615.0,5,0,1,0,0,81764,1
35,26119.0,4,5,0,1,0,3136,1
51,53369.0,3,0,1,0,0,56659,1
39,48643.0,6,1,1,0,0,46714,1
37,29913.0,3,3,0,0,0,7441,0
47,23524.0,7,0,0,0,0,1773,0
41,36837.0,6,2,0,1,0,19562,1
40,57611.0,3,0,1,0,0,70296,1
40,22915.0,2,2,0,0,0,1495,0
39,26083.0,6,3,0,1,0,3202,1
30,47951.0,2,2,0,0,0,45011,0
41,37869.0,2,0,0,0,0,21271,0
34,46647.0,3,0,0,0,0,41707,0
48,45326.0,6,3,0,1,0,37760,1
32,46001.0,3,0,0,0,0,39915,0
35,42489.0,4,1,0,0,0,33448,0
30,54930.0,2,0,0,0,0,59646,0
33,51039.0,2,3,0,0,0,50784,0
28,30958.0,5,1,0,0,0,9143,0
24,22514.0,6,0,0,0,0,1327,0
54,44067.0,1,1,0,0,1,35717,1
22,49013.0,6,1,0,0,0,47468,0
40,55520.0,4,0,0,0,0,62389,0
45,46798.0,7,1,0,0,0,42591,0
47,55070.0,1,1,1,0,0,60461,1
36,28274.0,2,1,0,0,0,5714,0
63,42072.0,2,2,0,0,1,31927,1
65,46648.0,3,1,0,0,0,41751,0
39,48559.0,3,0,1,0,0,46742,1
48,37495.0,3,2,0,0,0,20352,0
21,41064.0,6,0,0,0,0,30023,0
37,47107.0,4,2,0,0,0,43119,0
40,56925.0,4,0,1,0,0,68799,1
19,33943.0,2,3,0,0,0,14881,0
50,27023.0,3,0,0,0,0,4547,0
44,41313.0,5,2,0,1,0,30170,1
53,38110.0,4,2,0,0,0,22276,0
30,52586.0,5,1,0,0,0,54915,0
39,49153.0,5,0,1,0,0,47640,1
34,31015.0,3,0,0,0,0,9369,0
18,29968.0,4,1,0,0,0,7818,0
38,70997.0,7,2,1,1,0,105527,2
52,28337.0,6,0,0,0,0,5671,0
27,39898.0,2,0,0,0,0,25783,0
44,45507.0,3,1,0,0,0,38756,0
60,35858.0,3,0,0,0,0,18284,0
39,48302.0,4,2,1,0,0,46169,1
44,38187.0,7,2,0,1,0,22497,1
28,42702.0,4,0,0,0,0,33957,0
23,41775.0,2,0,0,0,0,31139,0
24,31883.0,2,5,0,1,0,10878,1
65,32184.0,4,0,0,0,1,12277,1
23,42199.0,2,1,0,0,0,32101,0
49,26280.0,6,2,0,0,0,3819,0
35,32001.0,6,0,0,0,0,11491,0
38,48645.0,7,0,1,0,0,47014,1
50,52720.0,4,0,1,0,0,55149,1
13,54593.0,3,1,0,0,0,58915,0
55,39874.0,1,3,0,0,0,25945,0
32,38823.0,6,0,0,0,0,23880,0
42,48160.0,5,1,1,0,0,45945,1
39,48261.0,3,2,1,0,0,46148,1
51,30287.0,4,1,0,0,0,8276,0
58,52181.0,6,0,1,0,0,53726,1
52,62111.0,1,3,1,0,0,80986,1
41,43610.0,7,1,0,0,0,35131,0
76,53400.0,4,0,1,0,1,56717,2
29,26142.0,2,1,0,0,0,3323,0
28,26175.0,5,2,0,0,0,3590,0
15,32014.0,3,0,0,0,0,11351,0
23,47967.0,4,2,0,0,0,45508,0
45,26092.0,4,0,0,0,0,3217,0
37,37612.0,4,0,0,0,0,20890,0
56,35887.0,5,1,0,0,1,18751,1
36,45411.0,7,0,0,0,0,38046,0
31,37573.0,7,1,0,0,0,20879,0
54,38099.0,6,0,0,0,0,22316,0
57,31212.0,4,1,0,0,1,9524,1
27,43058.0,3,0,0,0,0,34656,0
24,53248.0,4,1,1,0,0,55740,1
43,19878.0,3,1,0,0,0,728,0
44,30843.0,7,1,0,0,0,8718,0
35,41306.0,4,0,0,0,0,30356,0
24,32006.0,3,0,0,0,0,11631,0
44,35364.0,4,0,0,0,0,17507,0
23,37872.0,4,3,0,1,0,21310,1
30,28374.0,4,0,0,0,0,6464,0
50,51385.0,4,1,1,0,0,51881,1
38,37501.0,7,1,0,0,0,20840,0
26,54868.0,4,0,0,0,0,59408,0
30,48018.0,6,1,0,0,0,44538,0
43,34999.0,5,0,0,0,0,16176,0
25,46584.0,7,4,0,1,0,41421,1
23,29448.0,6,2,0,1,0,7064,1
38,26978.0,6,0,0,0,0,4487,0
47,26345.0,5,0,0,0,0,3648,0
17,38138.0,6,2,0,1,0,22290,1
24,55263.0,6,1,1,0,0,60732,1
27,42630.0,6,2,0,0,0,33800,0
29,52696.0,3,1,1,0,0,55203,1
44,40990.0,2,1,0,0,0,28639,0
42,47373.0,5,0,0,0,0,43595,0
30,45515.0,6,4,0,1,0,38784,1
33,42623.0,7,0,0,0,0,33754,0
26,41314.0,6,7,0,1,0,30484,1
27,46464.0,7,2,0,1,0,40709,1
47,50898.0,3,4,1,1,0,50310,2
29,31871.0,4,6,0,1,0,10691,1
31,45392.0,4,1,0,0,0,37976,0
29,28323.0,6,0,0,0,0,5897,0
29,38725.0,3,0,0,0,0,23865,0
45,20671.0,5,0,0,0,0,1016,0
22,47744.0,4,3,0,1,0,43851,1
36,35944.0,4,0,0,0,0,18712,0
43,47792.0,7,0,1,0,0,43897,1
33,46649.0,2,2,0,0,0,41435,0
29,17570.0,5,0,0,0,0,234,0
14,34014.0,2,0,0,0,0,15104,0
49,31571.0,3,1,0,0,0,10386,0
26,46081.0,5,0,0,0,0,40245,0
29,28307.0,2,0,0,0,0,6410,0
47,43312.0,2,1,0,0,0,34984,0
37,54296.0,4,0,1,0,0,57920,1
28,35457.0,7,2,0,1,0,18143,1
37,56118.0,5,3,1,1,0,65283,2
24,41284.0,3,4,0,1,0,30221,1
40,71785.0,7,0,1,0,0,109032,1
33,31302.0,2,1,0,0,0,9691,0
38,62065.0,3,0,1,0,0,80855,1
32,35815.0,6,0,0,0,0,18218,0
58,41973.0,2,1,0,0,0,31643,0
47,46620.0,2,2,0,0,0,41366,0
37,33345.0,3,0,0,0,0,14055,0
49,37056.0,6,1,0,0,0,19965,0
51,35406.0,1,1,0,0,0,17519,0
18,39923.0,5,3,0,1,0,26188,1
54,38054.0,2,2,0,0,0,22212,0
40,45491.0,3,2,0,0,0,38769,0
39,31566.0,6,2,0,1,0,10313,1
24,26231.0,5,0,0,0,0,3594,0
14,54903.0,4,0,1,0,0,59574,1
45,49808.0,4,0,1,0,0,48161,1
53,35378.0,1,0,0,0,0,17657,0
15,39270.0,7,0,0,0,0,25042,0
31,55449.0,5,0,0,0,0,62003,0
22,30608.0,7,1,0,0,0,8536,0
34,29809.0,4,1,0,0,0,7347,0
44,63408.0,5,0,1,0,0,83753,1
37,67705.0,2,0,1,0,0,94611,1
38,52574.0,2,0,1,0,0,54658,1
33,40905.0,5,0,0,0,0,27819,0
46,27022.0,4,0,0,0,0,4810,0
43,42719.0,4,2,0,0,0,34118,0
19,47116.0,7,0,0,0,0,43141,0
34,22550.0,4,2,0,0,0,1330,0
32,44431.0,5,0,0,0,0,36608,0
15,41966.0,2,1,0,0,0,31475,0
35,45474.0,7,7,0,1,0,38413,1
43,45818.0,4,1,0,0,0,39482,0
39,41263.0,6,0,0,0,0,30279,0
46,52677.0,5,4,1,1,0,55164,2
38,50116.0,3,0,1,0,0,48968,1
53,56389.0,6,3,1,1,0,66358,2
32,40971.0,3,5,0,1,0,28999,1
31,46112.0,6,1,0,0,0,40336,0
42,46134.0,5,7,0,1,0,40455,1
45,51486.0,4,0,1,0,0,52074,1
41,39338.0,2,0,0,0,0,24822,0
50,55308.0,5,1,1,0,0,60614,1
61,24084.0,5,0,0,0,1,2054,1
34,74995.0,7,4,1,1,0,112419,2
50,55322.0,3,1,1,0,0,61377,1
39,52512.0,2,4,0,0,0,54314,0
17,50746.0,4,3,0,1,0,49872,1
21,51459.0,4,0,0,0,0,51932,0
26,50890.0,4,1,0,0,0,50341,0
20,50163.0,4,7,0,1,0,49386,1
48,51296.0,4,0,1,0,0,51371,1
45,43655.0,6,1,0,0,0,35217,0
52,30268.0,3,3,0,0,0,8230,0
19,29936.0,6,0,0,0,0,7521,0
41,54414.0,3,1,1,0,0,58440,1
48,53259.0,2,0,1,0,0,56264,1
41,44702.0,2,1,0,0,0,37231,0
52,39674.0,4,0,0,0,0,25328,0
39,40927.0,6,4,0,1,0,27894,1
66,30020.0,2,2,0,0,1,7998,1
28,35873.0,7,1,0,0,0,18326,0
48,32208.0,4,0,0,0,0,12171,0
34,30181.0,5,3,0,1,0,8211,1
35,31330.0,4,2,0,0,0,9667,0
37,27161.0,7,1,0,0,0,5126,0
29,50954.0,3,1,0,0,0,50716,0
43,30265.0,2,3,0,0,0,8284,0
51,54623.0,5,1,1,0,0,59110,1
36,38245.0,6,2,0,1,0,22604,1
33,49029.0,4,1,0,0,0,47524,0
37,54450.0,2,0,1,0,0,58317,1
60,53174.0,4,4,1,1,0,55853,2
31,45689.0,3,0,0,0,0,38963,0
21,41148.0,2,1,0,0,0,29882,0
38,36876.0,3,0,0,0,0,19655,0
42,42640.0,3,0,1,0,0,33823,1
42,44445.0,4,0,0,0,0,36654,0
27,38516.0,7,2,0,1,0,23428,1
44,21577.0,3,2,0,0,0,1160,0
41,48507.0,5,1,1,0,0,46525,1
37,45658.0,3,0,0,0,0,38992,0
28,61485.0,6,0,1,0,0,78373,1
37,31977.0,5,0,0,0,0,11641,0
36,47102.0,2,2,0,0,0,43175,0
56,32483.0,6,0,0,0,0,13231,0
46,34689.0,4,1,0,0,0,15468,0
28,48475.0,5,0,1,0,0,46326,1
53,41860.0,5,1,0,0,0,31404,0
21,54379.0,2,2,1,0,0,58589,1
32,39414.0,3,5,0,1,0,25173,1
35,71133.0,5,1,1,0,0,105956,1
19,37951.0,6,1,0,0,0,21968,0
44,47984.0,2,2,1,0,0,44466,1
49,35020.0,5,3,0,1,0,16246,1
20,31999.0,7,0,0,0,0,11769,0
20,51929.0,4,0,0,0,0,53358,0
36,49416.0,5,0,0,0,0,47818,0
29,17202.0,6,1,0,0,0,222,0
19,46976.0,2,1,0,0,0,42950,0
12,41998.0,4,1,0,0,0,31548,0
23,38128.0,3,0,0,0,0,22158,0
65,32184.0,4,0,0,0,1,12277,1
65,26991.0,5,0,0,0,1,4968,1
52,48572.0,3,3,1,0,0,46586,1
29,54901.0,2,1,1,0,0,59583,1
49,27050.0,2,0,0,0,0,4856,0
57,75261.0,6,0,1,0,0,113892,1
48,31927.0,2,2,0,0,0,10831,0
44,35936.0,7,3,0,1,0,18408,1
46,51034.0,5,0,1,0,0,51077,1
37,33695.0,2,1,0,0,0,14440,0
53,34702.0,1,0,0,0,0,15499,0
30,54839.0,2,1,1,0,0,59147,1
25,48013.0,7,0,0,0,0,44900,0
18,40384.0,7,1,0,0,0,26943,0
37,34806.0,2,2,0,0,0,15729,0
52,44364.0,5,2,0,0,0,36048,0
39,44433.0,5,0,0,0,0,36111,0
43,69214.0,4,0,1,0,0,98475,1
22,58446.0,7,0,1,0,0,71570,1
30,39782.0,7,0,0,0,0,25438,0
35,38091.0,2,0,0,0,0,22207,0
20,44447.0,6,0,0,0,0,36737,0
53,23925.0,5,0,0,0,1,2018,1
46,48593.0,4,0,1,0,0,46830,1
44,54296.0,4,3,1,1,0,58000,2
55,24751.0,4,1,0,0,1,2337,1
41,47413.0,3,2,0,0,0,43654,0
28,53262.0,6,1,1,0,0,56314,1
49,55267.0,6,0,1,0,0,61474,1
43,41026.0,6,0,0,0,0,28308,0
27,51042.0,2,0,0,0,0,50948,0
55,20936.0,3,0,0,0,1,1066,1
60,46628.0,1,4,0,0,0,42200,0
39,25769.0,3,5,0,1,0,2937,1
44,21366.0,2,1,0,0,0,1111,0
35,42281.0,5,1,0,0,0,32762,0
47,45525.0,2,1,0,0,0,38320,0
51,37524.0,5,2,0,0,0,20430,0
53,54857.0,5,0,1,0,0,59439,1
24,47769.0,7,3,0,1,0,43873,1
63,39334.0,6,0,0,0,0,24751,0
42,46505.0,5,1,0,0,0,40795,0
66,54972.0,4,3,1,1,0,60290,2
31,41013.0,4,3,0,1,0,28173,1
37,42206.0,5,4,0,1,0,32225,1
69,45979.0,1,6,1,0,0,39969,1
48,51049.0,2,2,1,0,0,50821,1
19,55325.0,7,0,0,0,0,60730,0
39,54418.0,2,0,1,0,0,58059,1
64,26997.0,3,1,0,0,0,4190,0
39,47123.0,2,0,0,0,0,43251,0
38,46612.0,7,2,0,1,0,41853,1
37,41364.0,2,1,0,0,0,30577,0
38,39327.0,3,2,0,0,0,24875,0
46,40731.0,2,0,0,0,0,27352,0
32,54606.0,5,0,0,0,0,58929,0
54,33932.0,1,0,0,0,1,14953,1
38,48669.0,3,1,1,0,0,47159,1
50,34533.0,6,2,0,0,0,15363,0
25,53958.0,2,1,1,0,0,57340,1
38,55607.0,3,0,0,0,0,62700,0
49,40977.0,4,1,0,0,0,28019,0
55,35434.0,1,0,0,0,1,18117,1
42,50611.0,2,0,1,0,0,49639,1
30,36653.0,3,1,0,0,0,19411,0
47,45978.0,7,1,0,0,0,39982,0
30,53971.0,2,0,1,0,0,57299,1
28,48116.0,4,4,1,1,0,45778,2
41,48621.0,7,1,1,0,0,46612,1
60,47988.0,2,1,0,0,0,44171,0
44,54014.0,2,1,1,0,0,57490,1
33,37546.0,3,1,0,0,0,20589,0
41,45376.0,3,0,0,0,0,38070,0
27,41997.0,4,0,0,0,0,31580,0
28,29612.0,6,1,0,0,0,7143,0
35,31030.0,7,2,0,1,0,9128,1
43,47099.0,5,0,1,0,0,43084,1
25,27013.0,2,1,0,0,0,4326,0
31,49812.0,2,1,0,0,0,48182,0
27,47002.0,6,0,0,0,0,42932,0
67,50820.0,6,0,0,0,0,50004,0
55,44361.0,5,4,0,1,0,36172,1
34,31009.0,7,2,0,1,0,9296,1
37,40887.0,4,0,0,0,0,27920,0
35,48041.0,5,1,1,0,0,45504,1
39,50223.0,3,2,1,0,0,49290,1
58,69205.0,5,2,1,0,0,98689,1
46,48514.0,5,1,1,0,0,46426,1
42,35338.0,5,0,0,0,0,17203,0
31,47975.0,5,4,0,1,0,44161,1
30,50098.0,7,0,0,0,0,48843,0
40,53400.0,5,3,1,1,0,56494,2
32,48246.0,2,1,0,0,0,46030,0
25,54913.0,7,0,0,0,0,59558,0
42,49778.0,4,3,1,1,0,48356,2
32,30793.0,3,4,0,1,0,8631,1
61,42003.0,1,2,0,0,0,31695,0
60,33718.0,6,3,0,1,0,14555,1
46,34591.0,7,2,0,1,0,15428,1
31,37965.0,5,0,0,0,0,21797,0
27,28292.0,5,2,0,0,0,5997,0
28,37951.0,5,2,0,0,0,22005,0
20,29512.0,3,0,0,0,0,7126,0
68,41991.0,3,3,0,0,0,31834,0
24,42216.0,5,5,0,1,0,32422,1
28,26224.0,6,1,0,0,0,3618,0
33,46541.0,4,1,0,0,0,40847,0
38,31484.0,5,0,0,0,0,10146,0
29,37160.0,3,0,0,0,0,20054,0
39,44437.0,3,0,0,0,0,35926,0
30,35481.0,4,2,0,0,0,18133,0
46,41046.0,4,1,0,0,0,28784,0
33,36337.0,7,0,0,0,0,19093,0
38,32385.0,2,0,0,0,0,12977,0
42,41457.0,7,0,0,0,0,30760,0
38,31045.0,5,1,0,0,0,8805,0
33,40589.0,7,3,0,1,0,27211,1
41,53198.0,7,4,1,1,0,55614,2
27,49188.0,7,1,0,0,0,47558,0
50,31996.0,1,1,0,0,0,11467,0
43,53958.0,2,2,1,0,0,57338,1
67,48457.0,2,0,0,0,1,46496,1
23,45739.0,5,1,0,0,0,38884,0
33,47972.0,5,2,0,0,0,44615,0
40,45871.0,4,1,0,0,0,39613,0
33,41100.0,3,0,0,0,0,29328,0
70,21490.0,3,0,0,0,1,1140,1
42,47101.0,3,3,0,0,0,43130,0
48,54005.0,6,1,1,0,0,57308,1
35,35444.0,3,0,0,0,0,17849,0
46,30983.0,2,4,0,0,0,8898,0
39,27040.0,4,1,0,0,0,4386,0
40,53397.0,2,1,1,0,0,56451,1
65,19864.0,2,2,0,0,1,807,1
26,55494.0,2,0,0,0,0,62463,0
46,26961.0,2,0,0,0,0,4212,0
39,42108.0,5,3,0,1,0,32000,1
29,40902.0,6,3,0,1,0,27797,1
39,42313.0,5,1,0,0,0,32691,0
38,47071.0,6,2,0,1,0,43089,1
35,28297.0,3,1,0,0,0,6387,0
39,50706.0,6,2,1,1,0,49948,2
36,28876.0,6,0,0,0,0,6782,0
40,42026.0,5,1,0,0,0,31733,0
26,41012.0,4,0,0,0,0,29145,0
55,47953.0,1,0,1,0,0,45188,1
54,54448.0,6,3,1,1,0,58472,2
45,38864.0,4,0,0,0,0,23979,0
55,37540.0,1,2,0,0,0,20406,0
48,48641.0,6,3,1,1,0,46722,2
34,49048.0,7,0,0,0,0,47501,0
40,19856.0,3,1,0,0,0,757,0
43,31985.0,6,0,0,0,0,11228,0
53,33893.0,4,1,0,0,0,15050,0
52,39846.0,5,5,0,1,0,25515,1
50,46647.0,5,0,0,0,0,42109,0
40,48976.0,6,0,1,0,0,47440,1
28,24537.0,4,0,0,0,0,2276,0
42,55543.0,2,0,0,0,0,62381,0
38,38898.0,5,5,0,1,0,24453,1
51,51516.0,1,1,1,0,0,52264,1
29,25779.0,4,1,0,0,0,2990,0
31,64372.0,5,1,1,0,0,85435,1
33,37957.0,7,0,0,0,0,21664,0
31,24982.0,5,1,0,0,0,2426,0
42,38168.0,3,0,0,0,0,22532,0
35,32420.0,2,0,0,0,0,13045,0
48,35854.0,6,0,0,0,0,18394,0
50,47977.0,2,1,1,0,0,44395,1
59,41005.0,4,0,0,0,0,28974,0
35,39847.0,5,4,0,1,0,25502,1
20,40463.0,2,3,0,0,0,27167,0
55,46628.0,4,0,0,0,0,41892,0
23,45739.0,7,0,0,0,0,38860,0
31,55296.0,7,0,1,0,0,61143,1
16,55541.0,6,1,1,0,0,62450,1
49,55278.0,7,1,1,0,0,61063,1
68,40199.0,4,0,0,0,1,26666,1
39,26459.0,4,2,0,0,0,3957,0
26,38355.0,3,5,0,1,0,23303,1
42,31045.0,5,0,0,0,0,8801,0
39,42074.0,5,0,0,0,0,31974,0
36,39918.0,4,2,0,0,0,26023,0
50,33300.0,3,0,0,0,0,14087,0
44,45895.0,6,3,0,1,0,39698,1
21,32403.0,3,0,0,0,0,13034,0
26,40908.0,6,1,0,0,0,27895,0
37,38497.0,4,1,0,0,0,23692,0
39,55259.0,7,0,1,0,0,60962,1
27,18792.0,5,0,0,0,0,557,0
42,24971.0,2,0,0,0,0,2423,0
21,53217.0,7,0,1,0,0,55767,1
36,54905.0,5,0,1,0,0,59334,1
36,46625.0,3,1,0,0,0,41379,0
33,52584.0,3,2,0,0,0,54997,0
39,34692.0,5,2,0,1,0,15453,1
46,33873.0,6,2,0,1,0,15051,1
40,35922.0,3,0,0,0,0,18432,0
32,31983.0,5,1,0,0,0,11615,0
38,30956.0,4,3,0,1,0,9096,1
59,23138.0,4,5,0,1,1,1628,2
37,45298.0,6,1,0,0,0,37772,0
36,38142.0,2,2,0,0,0,22396,0
42,33920.0,3,4,0,1,0,14995,1
59,40221.0,5,1,0,0,0,26650,0
36,29968.0,5,2,0,1,0,7798,1
39,19933.0,5,3,0,1,0,708,1
41,42382.0,4,0,0,0,0,32808,0
13,37872.0,2,1,0,0,0,21202,0
27,22827.0,5,4,0,1,0,1428,1
21,20707.0,3,0,0,0,0,969,0
45,41038.0,1,0,0,0,0,28247,0
42,55381.0,4,0,1,0,0,62114,1
54,41895.0,5,0,0,0,0,31367,0
27,53632.0,6,1,1,0,0,56774,1
43,38309.0,5,2,0,1,0,23238,1
31,32165.0,4,3,0,1,0,12444,1
28,54404.0,3,1,1,0,0,58470,1
29,43421.0,6,1,0,0,0,35112,0
48,55322.0,5,0,1,0,0,61364,1
34,27280.0,2,2,0,0,0,5199,0
46,29093.0,7,2,0,1,0,6936,1
67,29990.0,3,0,0,0,1,7825,1
53,52597.0,4,0,1,0,0,54826,1
46,40990.0,3,1,0,0,0,29167,0
43,49245.0,5,1,1,0,0,47765,1
36,42335.0,7,0,0,0,0,32669,0
41,40706.0,7,1,0,0,0,27454,0
22,45710.0,2,0,1,0,0,39433,1
45,42403.0,3,0,0,0,0,32875,0
28,51815.0,5,0,1,0,0,53093,1
46,34847.0,5,4,0,1,0,15825,1
33,32651.0,2,1,0,0,0,13316,0
38,69627.0,3,2,1,0,0,99987,1
35,31313.0,2,1,0,0,0,9652,0
45,53204.0,2,0,1,0,0,55831,1
45,53216.0,6,0,1,0,0,56155,1
42,51941.0,2,3,1,0,0,53173,1
50,52523.0,2,2,1,0,0,54384,1
37,34517.0,7,1,0,0,0,15355,0
47,55102.0,7,0,1,0,0,60394,1
43,28279.0,6,4,0,1,0,5825,1
32,54921.0,7,1,1,0,0,59629,1
31,30090.0,5,1,0,0,0,8036,0
44,39428.0,7,1,0,0,0,25234,0
39,32206.0,6,0,0,0,0,12372,0
24,51805.0,4,4,0,1,0,53089,1
49,31988.0,4,3,0,1,0,11702,1
69,21355.0,6,3,0,1,1,1104,2
42,53184.0,5,0,1,0,0,55670,1
45,50977.0,3,1,1,0,0,51004,1
59,32409.0,3,3,0,0,0,13101,0
29,44397.0,7,1,0,0,0,36121,0
38,28313.0,5,0,0,0,0,6086,0
31,45092.0,3,1,0,0,0,37573,0
59,38036.0,4,3,0,1,0,21426,1
44,32232.0,7,1,0,0,0,12093,0
41,35944.0,2,0,0,0,0,18361,0
43,53960.0,3,4,1,1,0,57579,2
42,31872.0,5,1,0,0,0,10905,0
38,30646.0,4,2,0,0,0,8537,0
52,39860.0,6,1,0,0,0,26351,0
42,45764.0,3,4,0,1,0,39466,1
33,32913.0,7,2,0,1,0,13551,1
64,31865.0,5,1,0,0,1,10959,1
41,31317.0,2,3,0,0,0,9534,0
49,54896.0,3,0,1,0,0,59514,1
49,24393.0,2,0,0,0,1,2184,1
57,48158.0,2,3,1,0,0,46027,1
50,37117.0,2,0,0,0,0,20020,0
45,34099.0,6,1,0,0,0,15190,0
39,51927.0,4,1,1,0,0,53505,1
41,32237.0,5,2,0,1,0,12454,1
52,51890.0,2,0,1,0,0,53331,1
38,27333.0,4,1,0,0,0,5215,0
25,44441.0,3,0,0,0,0,36351,0
33,37268.0,5,4,0,1,0,20130,1
36,28282.0,5,0,0,0,0,6148,0
68,32760.0,2,4,0,0,0,13463,0
38,33911.0,4,3,0,1,0,14671,1
22,51547.0,3,1,0,0,0,52226,0
80,38025.0,3,0,0,0,1,21492,1
50,54978.0,5,1,1,0,1,60196,2
36,63771.0,7,2,1,1,0,84299,2
38,27281.0,6,1,0,0,0,5172,0
23,20151.0,6,0,0,0,0,900,0
43,52547.0,4,2,1,0,0,54091,1
39,47970.0,7,0,0,0,0,44696,0
57,50804.0,6,0,1,0,0,50058,1
23,39890.0,3,4,0,1,0,26154,1
33,22775.0,6,0,0,0,0,1400,0
49,25338.0,7,1,0,0,1,2741,1
27,32179.0,3,0,0,0,0,12786,0
36,42036.0,3,0,0,0,0,31570,0
44,52717.0,3,0,1,0,0,55085,1
33,41408.0,4,0,0,0,0,30636,0
50,35421.0,5,0,0,0,0,17375,0
20,48660.0,6,1,0,0,0,47153,0
64,67486.0,1,3,1,0,0,93909,1
53,39252.0,5,0,0,0,0,25061,0
20,47196.0,7,0,0,0,0,43363,0
53,47951.0,2,7,1,1,0,45435,2
33,48599.0,4,1,0,0,0,46602,0
45,27920.0,2,0,0,0,0,5467,0
31,44381.0,3,0,0,0,0,36158,0
53,39107.0,6,0,0,0,0,24659,0
20,38042.0,6,1,0,0,0,21736,0
60,64670.0,4,2,1,0,0,86666,1
43,41285.0,4,3,0,1,0,30232,1
30,52660.0,7,0,0,0,0,55101,0
32,32194.0,6,0,0,0,0,12406,0
30,26983.0,4,0,0,0,0,4670,0
36,55535.0,5,0,0,0,0,62155,0
34,46993.0,5,1,0,0,0,43002,0
34,39160.0,5,2,0,0,0,24708,0
36,44659.0,4,3,0,1,0,37123,1
33,42337.0,5,0,0,0,0,32604,0
30,46585.0,3,3,0,0,0,41835,0
39,37493.0,3,0,0,0,0,20256,0
28,32153.0,6,0,0,0,0,11967,0
25,33307.0,6,1,0,0,0,13832,0
27,39427.0,2,2,0,0,0,25130,0
67,32712.0,1,0,0,0,1,13318,1
32,48038.0,4,1,0,0,0,45720,0
42,45804.0,3,1,0,0,0,39542,0
24,40936.0,6,5,0,1,0,27840,1
19,37854.0,5,0,0,0,0,21249,0
25,49793.0,6,0,0,0,0,48202,0
34,37479.0,6,1,0,0,0,20591,0
52,45614.0,1,1,0,0,0,38827,0
41,40368.0,3,1,0,0,0,26944,0
49,27030.0,2,0,0,0,0,4885,0
50,35339.0,5,0,0,0,0,17110,0
40,67986.0,4,0,0,0,0,96162,0
34,31910.0,6,0,0,0,0,11147,0
50,55101.0,5,1,1,0,0,60437,1
31,60262.0,3,1,1,0,0,75818,1
36,47958.0,5,0,0,0,0,44946,0
52,37143.0,1,3,0,0,0,19858,0
44,53201.0,2,4,1,0,0,55672,1
20,42719.0,7,1,0,0,0,34139,0
31,48457.0,3,3,0,0,0,46548,0
48,35861.0,5,0,0,0,0,18425,0
47,33033.0,3,3,0,0,0,13639,0
54,53215.0,4,0,1,0,0,55846,1
39,48697.0,3,2,1,0,0,47222,1
49,35401.0,5,1,0,0,0,17972,0
41,38155.0,2,0,0,0,0,22736,0
39,44402.0,4,1,0,0,0,36577,0
25,41574.0,7,2,0,1,0,30804,1
26,46817.0,5,0,0,0,0,42815,0
28,35264.0,5,1,0,0,0,17265,0
38,32222.0,5,0,0,0,0,12035,0
32,29916.0,7,0,0,0,0,7530,0
46,40977.0,6,4,0,1,0,28917,1
16,26972.0,3,0,0,0,0,4342,0
39,73220.0,2,5,1,1,0,110597,2
42,30470.0,5,0,0,0,0,8484,0
62,50141.0,3,1,1,0,0,48847,1
36,37940.0,6,1,0,0,0,21251,0
24,50751.0,6,1,0,0,0,50025,0
22,49013.0,6,1,0,0,0,47468,0
31,30466.0,4,1,0,0,0,8425,0
36,27846.0,3,1,0,0,0,5412,0
44,32358.0,6,0,0,0,0,13031,0
36,44443.0,4,4,0,1,0,35887,1
32,47151.0,3,3,0,0,0,43381,0
19,34830.0,2,0,0,0,0,15692,0
45,54567.0,2,0,1,0,0,59015,1
21,41064.0,6,0,0,0,0,30023,0
47,43220.0,2,3,0,0,0,34710,0
35,51014.0,6,0,1,0,0,50910,1
30,35042.0,7,0,0,0,0,16047,0
33,41008.0,3,6,0,1,0,28728,1
33,58734.0,2,0,1,0,0,73353,1
36,52224.0,7,2,0,1,0,53798,1
32,43804.0,7,0,0,0,0,35229,0
46,39345.0,7,0,0,0,0,25082,0
44,25870.0,6,0,0,0,0,3087,0
59,51528.0,2,0,0,0,0,52493,0
54,69186.0,6,0,1,0,0,98468,1
29,52677.0,5,0,0,0,0,55091,0
43,27250.0,5,0,0,0,0,5112,0
43,46582.0,7,1,0,0,0,42365,0
45,51486.0,4,0,1,0,0,52074,1
26,45852.0,4,1,0,0,0,39653,0
41,31950.0,6,1,0,0,0,10595,0
37,62646.0,4,0,1,0,0,81841,1
39,31970.0,6,2,0,1,0,11695,1
44,55646.0,3,3,1,0,0,63304,1
44,50953.0,3,2,1,0,0,50789,1
24,32367.0,3,2,0,0,0,12936,0
42,24124.0,2,3,0,0,0,2096,0
39,48461.0,7,0,1,0,0,46408,1
55,50610.0,5,0,1,0,1,49597,2
34,69227.0,3,0,1,0,0,99070,1
50,40343.0,7,0,0,0,0,26857,0
30,53204.0,4,0,1,0,0,56125,1
30,46398.0,4,0,0,0,0,40579,0
39,35064.0,6,5,0,1,0,16344,1
60,22710.0,6,1,0,0,1,1357,1
43,51253.0,7,0,1,0,0,51709,1
34,35877.0,7,1,0,0,0,18804,0
23,40960.0,7,3,0,1,0,28138,1
48,41328.0,2,0,0,0,0,30399,0
58,51135.0,6,1,1,0,0,51202,1
37,42014.0,4,1,0,0,0,31487,0
28,46650.0,3,0,1,0,0,42481,1
36,50605.0,5,0,0,0,0,49782,0
22,40990.0,6,5,0,1,0,28549,1
28,58422.0,7,1,1,0,0,71979,1
37,31880.0,7,0,0,0,0,10772,0
45,41104.0,2,0,0,0,0,29645,0
38,41317.0,5,1,0,0,0,30361,0
37,41550.0,6,2,0,1,0,30695,1
43,42649.0,3,0,1,0,0,33804,1
36,30730.0,2,3,0,0,0,8557,0
36,54424.0,4,2,1,0,0,58258,1
47,31444.0,5,2,0,1,0,9940,1
29,17751.0,4,1,0,0,0,326,0
44,45479.0,7,1,0,0,0,38499,0
49,41721.0,3,0,0,0,0,31019,0
31,55017.0,3,0,1,0,0,60118,1
39,54866.0,5,2,1,0,0,60083,1
35,30387.0,3,3,0,0,0,8383,0
41,41101.0,3,0,0,0,0,29355,0
25,38236.0,5,0,0,0,0,23155,0
42,38024.0,3,1,0,0,0,21508,0
67,46642.0,3,0,0,0,0,42464,0
32,54821.0,6,2,1,1,0,59273,2
40,30983.0,4,1,0,0,0,8859,0
42,50553.0,6,1,1,0,0,49522,1
41,50977.0,3,0,1,0,0,51006,1
31,70530.0,5,0,0,0,0,103009,0
65,44416.0,4,0,0,0,1,36065,1
33,53222.0,7,0,1,0,0,55692,1
23,44713.0,6,0,0,0,0,36992,0
28,45507.0,4,1,0,0,0,38675,0
24,46563.0,7,2,0,1,0,41337,1
36,34060.0,4,0,0,0,0,15180,0
32,46458.0,6,0,0,0,0,40773,0
52,42654.0,3,0,0,0,0,34483,0
38,45977.0,3,1,0,0,0,39988,0
71,53419.0,2,2,1,0,1,56491,2
37,38249.0,2,0,0,0,0,22912,0
48,46542.0,7,1,0,0,0,40699,0
42,54610.0,4,2,1,0,0,59092,1
67,38505.0,3,3,0,0,1,23606,1
19,26080.0,7,1,0,0,0,3337,0
30,48959.0,5,0,0,0,0,47522,0
38,41328.0,6,2,0,1,0,30104,1
23,35449.0,7,4,0,1,0,17876,1
40,54635.0,3,1,1,0,0,58745,1
38,53790.0,6,0,1,0,0,56991,1
49,50999.0,4,0,1,0,0,50918,1
42,50925.0,5,0,1,0,0,50635,1
25,31313.0,2,1,0,0,0,9653,0
45,28537.0,5,2,0,1,0,6535,1
53,37658.0,3,0,0,0,0,20904,0
14,51777.0,7,1,0,0,0,53058,0
27,40971.0,5,2,0,0,0,29014,0
42,35919.0,6,4,0,1,0,18687,1
48,46542.0,7,1,0,0,0,40699,0
27,50992.0,4,3,0,1,0,50970,1
45,39924.0,3,1,0,0,0,26173,0
41,38507.0,2,6,0,1,0,23698,1
37,45499.0,3,3,0,0,0,38582,0
59,59682.0,1,3,1,0,0,74628,1
68,26972.0,2,3,0,0,1,4334,1
35,54434.0,4,0,1,0,0,58160,1
41,47351.0,6,0,0,0,0,43661,0
53,37998.0,5,1,0,0,0,21984,0
31,46635.0,5,0,0,0,0,42066,0
34,49894.0,5,1,1,0,0,48460,1
27,31927.0,6,0,0,0,0,11122,0
54,48532.0,3,0,1,0,0,46267,1
31,28316.0,4,0,0,0,0,6103,0
48,48088.0,4,0,1,0,0,45930,1
28,55062.0,3,0,1,0,0,60392,1
25,28316.0,6,0,0,0,0,6014,0
42,68028.0,2,1,1,0,0,97104,1
36,41064.0,6,0,0,0,0,29303,0
43,46637.0,5,1,0,0,0,41739,0
37,35912.0,7,0,0,0,0,18846,0
12,38892.0,6,1,0,0,0,24436,0
46,31921.0,4,2,0,0,0,10820,0
40,54920.0,7,5,1,1,0,59450,2
25,55336.0,7,1,0,0,0,61671,0
36,40955.0,5,0,0,0,0,28300,0
25,28274.0,5,1,0,0,0,6040,0
42,32042.0,5,3,0,1,0,11244,1
40,34955.0,3,1,0,0,0,16278,0
41,46627.0,2,1,0,0,0,42035,0
47,46602.0,4,0,0,0,0,41059,0
42,48640.0,2,0,1,0,0,46658,1
34,54648.0,3,3,1,0,0,59084,1
39,34465.0,2,0,0,0,0,15384,0
37,42305.0,7,4,0,1,0,32736,1
42,35040.0,2,1,0,0,0,16123,0
35,52628.0,5,2,1,0,0,54584,1
29,51464.0,5,1,0,0,0,52480,0
41,28285.0,3,0,0,0,0,6303,0
20,45133.0,2,1,0,0,0,37502,0
36,37467.0,4,0,0,0,0,20732,0
30,31875.0,5,1,0,0,0,11163,0
37,41283.0,4,2,0,0,0,30138,0
20,47005.0,6,2,0,0,0,42975,0
23,51454.0,6,0,0,0,0,52473,0
42,40661.0,4,1,0,0,0,27317,0
52,30268.0,3,3,0,0,0,8230,0
45,38868.0,6,4,0,1,0,24092,1
41,53431.0,5,0,1,0,0,56467,1
47,45462.0,3,3,0,0,0,38577,0
23,28060.0,5,1,0,0,0,5513,0
27,38814.0,6,0,0,0,0,23927,0
35,38154.0,5,1,0,0,0,22919,0
28,35324.0,4,0,0,0,0,16756,0
42,40771.0,3,0,0,0,0,27532,0
17,31318.0,2,1,0,0,0,9551,0
33,49459.0,5,1,0,0,0,47939,0
34,48050.0,4,0,0,0,0,45072,0
29,32529.0,7,5,0,1,0,13196,1
38,41793.0,3,0,0,0,0,31131,0
36,55255.0,2,0,1,0,0,61749,1
37,37290.0,5,0,0,0,0,20126,0
48,38542.0,3,1,0,0,0,23642,0
43,46606.0,4,0,0,0,0,41627,0
53,29882.0,5,1,0,0,0,7572,0
52,40780.0,4,0,0,0,0,27592,0
36,55615.0,4,1,1,0,0,62602,1
47,41035.0,5,7,0,1,0,29133,1
30,55321.0,3,0,0,0,0,60708,0
20,53233.0,6,2,1,0,0,55972,1
47,28770.0,4,0,0,0,0,6749,0
23,48425.0,7,4,0,1,0,46224,1
27,41842.0,2,4,0,0,0,31236,0
36,46535.0,5,0,0,0,0,40872,0
51,68049.0,2,1,1,0,0,95882,1
15,53990.0,3,0,1,0,0,57145,1
43,35053.0,6,3,0,1,0,16350,1
24,45337.0,4,1,0,0,0,37753,0
40,52640.0,7,0,1,0,0,54871,1
33,30423.0,6,0,0,0,0,8346,0
36,42359.0,4,0,0,0,0,33037,0
47,35435.0,2,4,0,0,0,17970,0
52,28331.0,6,0,0,0,0,6003,0
69,31575.0,3,0,0,0,1,10337,1
25,26470.0,5,0,0,0,0,3905,0
74,50247.0,2,0,0,0,0,49315,0
32,38165.0,4,1,0,0,0,22660,0
39,48042.0,2,1,1,0,0,44653,1
37,39338.0,6,3,0,1,0,25058,1
33,28869.0,7,2,0,1,0,6776,1
37,39039.0,7,0,0,0,0,24644,0
34,42677.0,5,2,0,0,0,34095,0
37,28544.0,6,1,0,0,0,6515,0
36,40750.0,3,3,0,0,0,27328,0
33,38183.0,4,0,0,0,0,22924,0
16,30539.0,2,1,0,0,0,8465,0
36,42249.0,5,1,0,0,0,32240,0
32,49920.0,7,0,0,0,0,48597,0
39,46564.0,2,0,0,0,0,42115,0
51,36448.0,2,2,0,0,0,19274,0
60,34601.0,5,1,0,0,1,15410,1
52,46618.0,3,2,0,0,0,42008,0
54,51300.0,3,0,1,0,0,51443,1
50,41035.0,4,1,0,0,0,28990,0
41,28208.0,6,1,0,0,0,5597,0
37,31036.0,2,1,0,0,0,8939,0
37,40971.0,3,4,0,1,0,28997,1
38,52763.0,2,0,1,0,0,55339,1
43,44726.0,4,4,0,1,0,37125,1
41,44369.0,7,4,0,1,0,36165,1
47,25207.0,4,1,0,0,0,2674,0
54,18792.0,4,0,0,0,1,555,1
50,46819.0,3,0,0,0,0,42684,0
62,51266.0,4,1,1,0,0,51777,1
47,47053.0,5,0,1,0,0,43065,1
46,40988.0,5,1,0,0,0,28673,0
62,37906.0,5,0,0,0,0,21085,0
46,29913.0,7,0,0,0,0,7556,0
18,25042.0,4,0,0,0,0,2392,0
53,47951.0,2,7,1,1,0,45435,2
37,27185.0,7,0,0,0,0,5100,0
33,44411.0,7,1,0,0,0,36545,0
61,24098.0,4,1,0,0,1,2103,1
53,63835.0,4,4,1,1,0,83984,2
38,30951.0,5,0,0,0,0,9168,0
51,41031.0,1,0,0,0,0,28130,0
35,42434.0,4,0,0,0,0,32969,0
42,27025.0,7,0,0,0,0,4252,0
49,35936.0,1,1,0,0,0,18693,0
35,39616.0,6,1,0,0,0,25312,0
47,54437.0,5,0,1,0,0,58631,1
56,58651.0,2,0,1,0,0,73250,1
30,41991.0,6,1,0,0,0,31568,0
40,30782.0,3,0,0,0,0,8697,0
38,19906.0,3,0,0,0,0,832,0
18,53336.0,7,4,0,1,0,56298,1
65,30012.0,3,1,0,0,1,8005,1
48,52234.0,4,0,1,0,0,53797,1
42,37977.0,2,0,0,0,0,21620,0
34,36932.0,4,1,0,0,0,19670,0
23,36616.0,6,3,0,1,0,19405,1
40,52028.0,7,0,1,0,0,53640,1
39,48697.0,3,2,1,0,0,47222,1
38,42232.0,3,1,0,0,0,32078,0
50,67131.0,6,3,1,1,0,93447,2
32,52613.0,2,0,0,0,0,54901,0
52,49859.0,3,4,1,1,0,48575,2
35,50969.0,4,2,1,0,0,51036,1
42,38476.0,6,0,0,0,0,23519,0
45,40919.0,7,0,0,0,0,27849,0
40,50063.0,7,0,1,0,0,48938,1
33,70046.0,3,1,1,0,0,101567,1
39,44372.0,7,0,0,0,0,36786,0
31,27619.0,5,0,0,0,0,5331,0
27,37475.0,3,2,0,0,0,20743,0
77,55131.0,4,1,1,0,1,60416,2
33,35365.0,4,0,0,0,0,17843,0
27,37363.0,3,0,0,0,0,20211,0
51,18792.0,4,2,0,0,0,556,0
55,36735.0,3,0,0,0,0,19482,0
35,54357.0,6,0,1,0,0,58015,1
43,44677.0,2,0,0,0,0,37145,0
36,51036.0,4,1,0,0,0,51058,0
33,32035.0,2,0,0,0,0,11474,0
23,43833.0,3,2,0,0,0,35315,0
33,53236.0,6,0,1,0,0,56112,1
26,55317.0,7,3,1,1,0,61665,2
43,37460.0,2,0,0,0,0,20464,0
44,53524.0,5,0,1,0,0,56755,1
35,47383.0,3,0,0,0,0,43733,0
41,54872.0,2,0,1,0,0,60009,1
29,48599.0,7,0,0,0,0,46803,0
37,26210.0,7,1,0,0,0,3470,0
44,44992.0,6,0,0,0,0,37411,0
57,50085.0,1,0,0,0,1,49151,1
30,32742.0,3,0,0,0,0,13363,0
20,47844.0,3,0,0,0,0,43907,0
42,34325.0,7,2,0,1,0,15299,1
32,37489.0,3,2,0,0,0,20467,0
39,39860.0,4,2,0,0,0,25824,0
36,38837.0,6,4,0,1,0,23947,1
52,51303.0,2,2,1,0,0,51634,1
53,39184.0,3,0,0,0,0,24718,0
36,52555.0,4,3,0,1,0,54571,1
41,41133.0,5,4,0,1,0,29694,1
41,42702.0,5,1,0,0,0,34330,0
39,39854.0,6,0,0,0,0,26224,0
51,21555.0,4,1,0,0,0,1149,0
35,55292.0,5,0,1,0,0,61098,1
52,34764.0,1,0,0,0,0,15661,0
43,41048.0,4,1,0,0,0,28994,0
51,54644.0,6,6,1,1,0,58922,2
28,32223.0,5,1,0,0,0,12200,0
31,39224.0,4,0,0,0,0,24684,0
30,28470.0,3,0,0,0,0,6479,0
37,48035.0,3,0,1,0,0,44483,1
65,52311.0,1,4,0,0,1,53886,1
47,51537.0,4,0,1,0,0,52402,1
38,55340.0,2,1,1,0,0,60884,1
40,51675.0,3,1,1,0,0,52658,1
40,38205.0,4,1,0,0,0,23125,0
39,30959.0,2,0,0,0,0,9399,0
26,71100.0,3,0,1,0,0,106341,1
41,70313.0,5,0,0,0,0,102183,0
26,55253.0,5,0,1,0,0,61372,1
50,46784.0,1,5,1,0,0,42582,1
44,51047.0,4,5,1,1,0,50868,2
39,42732.0,4,0,0,0,0,34142,0
35,23869.0,5,4,0,1,0,1992,1
33,33881.0,7,0,0,0,0,14879,0
85,46607.0,1,2,1,0,1,42317,2
46,41600.0,3,1,0,0,0,30973,0
42,48000.0,3,0,1,0,0,44469,1
31,24374.0,2,1,0,0,0,2248,0
36,45374.0,2,1,0,0,0,38190,0
46,36304.0,7,0,0,0,0,19020,0
68,50000.0,2,1,0,0,1,48704,1
28,55446.0,5,1,1,0,0,61931,1
43,49751.0,2,1,1,0,0,48150,1
39,23493.0,3,0,0,0,0,1856,0
37,28384.0,6,0,0,0,0,6455,0
34,31535.0,7,0,0,0,0,10192,0
43,45876.0,7,1,0,0,0,39793,0
37,46582.0,7,0,0,0,0,42368,0
51,41827.0,4,1,0,0,0,31063,0
27,34839.0,2,3,0,0,0,15871,0
23,54948.0,5,0,0,0,0,60014,0
39,31006.0,4,1,0,0,0,8929,0
49,48508.0,2,0,1,0,0,46310,1
26,46019.0,3,2,0,0,0,40076,0
43,37324.0,5,3,0,1,0,20170,1
39,37915.0,7,2,0,1,0,21115,1
41,45961.0,3,2,0,0,0,40097,0
53,37861.0,2,0,0,0,0,21120,0
36,67959.0,6,3,1,1,0,97003,2
45,31240.0,6,1,0,0,0,9521,0
46,51741.0,6,1,1,0,0,52974,1
38,52547.0,7,0,1,0,0,54125,1
53,36262.0,6,1,0,0,0,18992,0
38,42360.0,5,1,0,0,0,33054,0
32,35364.0,4,0,0,0,0,17509,0
36,46623.0,6,1,0,0,0,41980,0
36,46463.0,5,1,0,0,0,40896,0
60,36888.0,6,1,0,0,0,19708,0
47,46583.0,4,0,0,0,0,40913,0
42,24534.0,3,0,0,0,0,2282,0
40,54406.0,7,0,0,0,0,58367,0
30,55292.0,5,0,0,0,0,61608,0
34,46634.0,3,0,0,0,0,41244,0
50,68029.0,3,1,1,0,0,96632,1
23,55256.0,7,0,1,0,0,61720,1
25,30524.0,6,1,0,0,0,8414,0
31,46469.0,5,1,0,0,0,40772,0
29,26090.0,2,0,0,0,0,3246,0
59,49417.0,3,1,1,0,0,47838,1
34,40313.0,4,0,0,0,0,26839,0
41,27499.0,6,7,0,1,0,5276,1
36,40991.0,2,5,0,0,0,28470,0
38,50621.0,2,4,0,0,0,49567,0
41,55492.0,2,2,0,0,0,62180,0
54,48043.0,6,0,1,0,0,44437,1
33,54371.0,4,1,1,0,0,58640,1
42,46633.0,5,0,0,0,0,41880,0
40,23537.0,5,1,0,0,0,1871,0
33,42059.0,3,0,0,0,0,31916,0
38,38091.0,2,1,0,0,0,22208,0
38,48323.0,6,2,1,1,0,46129,2
35,31695.0,5,1,0,0,0,10469,0
43,28310.0,4,4,0,1,0,6081,1
49,48675.0,7,1,1,0,0,47244,1
54,53583.0,4,0,1,0,0,56937,1
82,35413.0,6,0,0,0,0,17474,0
26,55363.0,4,0,0,0,0,62019,0
33,33303.0,4,0,0,0,0,13811,0
39,26184.0,5,2,0,0,0,3408,0
40,37473.0,5,2,0,0,0,20284,0
18,52897.0,5,1,0,0,0,55439,0
23,54050.0,2,1,1,0,0,57096,1
37,51270.0,6,0,1,0,0,51362,1
38,46192.0,4,1,0,0,0,40485,0
40,25028.0,3,0,0,0,0,2404,0
65,54446.0,5,1,1,0,0,58514,1
93,31023.0,1,1,1,0,1,8820,2
62,33893.0,4,1,0,0,0,14826,0
30,50095.0,6,1,0,0,0,49108,0
53,55428.0,1,0,1,0,0,61852,1
17,55288.0,7,0,1,0,0,60686,1
72,54760.0,1,0,0,0,0,59182,0
48,43312.0,5,0,0,0,0,35083,0
38,47923.0,4,5,0,1,0,44037,1
55,32187.0,4,1,0,0,1,12663,1
50,52449.0,3,1,1,0,0,54032,1
29,45486.0,5,0,0,0,0,38504,0
55,45063.0,1,0,0,0,1,37563,1
60,46636.0,4,3,0,1,0,41976,1
33,30117.0,5,0,0,0,0,8158,0
29,26889.0,4,2,0,0,0,4069,0
35,55098.0,7,0,1,0,0,60347,1
38,38184.0,5,1,0,0,0,22857,0
41,46491.0,5,0,0,0,0,40866,0
30,41007.0,5,0,0,0,0,29040,0
43,54024.0,4,0,1,0,0,57094,1
36,48560.0,6,0,0,0,0,46890,0
36,33661.0,3,1,0,0,0,14516,0
37,52541.0,3,1,1,0,0,54069,1
26,48457.0,3,0,0,0,0,46549,0
45,47951.0,3,0,1,0,0,45433,1
57,39859.0,5,0,0,0,0,25899,0
28,41146.0,5,4,0,1,0,29504,1
68,31588.0,3,1,0,0,1,10226,1
37,32197.0,6,0,0,0,0,12615,0
42,32185.0,5,1,0,0,0,12433,0
36,46026.0,7,0,0,0,0,40159,0
35,47968.0,6,2,0,1,0,44292,1
39,50364.0,4,4,0,1,0,49413,1
35,33568.0,7,2,0,1,0,14288,1
53,47110.0,6,0,1,0,0,43060,1
26,42838.0,7,1,0,0,0,34554,0
40,33570.0,7,5,0,1,0,14236,1
31,55252.0,5,0,1,0,0,60860,1
82,31928.0,6,2,0,0,0,10593,0
35,30998.0,3,0,0,0,0,9074,0
52,51676.0,4,0,1,0,0,52777,1
35,41060.0,4,2,0,0,0,29217,0
45,33931.0,2,2,0,0,0,14812,0
28,47276.0,5,1,1,0,0,43494,1
23,54018.0,4,0,1,0,0,57466,1
36,42233.0,2,2,0,0,0,32119,0
59,61955.0,6,0,1,0,0,80389,1
49,23590.0,5,0,0,0,0,1888,0
47,51368.0,3,1,1,0,0,51915,1
43,35404.0,3,2,0,0,0,17305,0
30,35042.0,7,0,0,0,0,16047,0
33,45202.0,6,0,0,0,0,37610,0
31,37913.0,6,0,0,0,0,21293,0
25,50398.0,7,1,0,0,0,49399,0
49,41991.0,3,0,0,0,0,31582,0
32,40189.0,2,1,0,0,0,26622,0
42,53152.0,5,0,1,0,0,55955,1
60,51933.0,2,0,0,0,0,53400,0
38,62925.0,4,1,1,0,0,82930,1
36,44414.0,4,1,0,0,0,35965,0
33,38240.0,5,0,0,0,0,22446,0
41,54392.0,6,1,1,0,0,58302,1
38,45410.0,4,7,0,1,0,38063,1
37,46034.0,3,0,0,0,0,40016,0
30,24972.0,2,0,0,0,0,2434,0
35,38891.0,4,0,0,0,0,23996,0
22,23047.0,2,0,0,0,0,1592,0
15,38157.0,4,2,0,0,0,23010,0
32,40981.0,4,0,0,0,0,28810,0
57,30006.0,2,0,0,0,0,7989,0
34,50561.0,5,0,0,0,0,49546,0
24,31854.0,2,0,0,0,0,10659,0
46,47967.0,3,0,1,0,0,45376,1
19,38867.0,4,0,0,0,0,24250,0
46,27795.0,4,1,0,0,0,5414,0
40,40392.0,5,4,0,1,0,27050,1
41,54880.0,2,1,1,0,0,59358,1
38,52717.0,2,0,1,0,0,55219,1
30,42593.0,4,2,0,0,0,33834,0
65,50804.0,4,2,0,0,1,49981,1
53,53238.0,3,2,1,0,0,56137,1
36,46593.0,7,1,0,0,0,42254,0
56,26958.0,1,0,0,0,0,4279,0
38,55311.0,6,1,1,0,0,60642,1
57,30986.0,6,2,0,1,0,8912,1
43,22505.0,5,1,0,0,0,1305,0
56,37142.0,6,0,0,0,0,19907,0
37,68023.0,4,1,1,0,0,96282,1
72,44416.0,4,3,0,1,1,35870,2
40,54371.0,3,2,1,0,0,58666,1
42,59111.0,6,0,1,0,0,73808,1
43,41048.0,4,1,0,0,0,28994,0
22,34991.0,6,3,0,1,0,16116,1
43,43832.0,4,1,0,0,0,35339,0
24,41284.0,3,4,0,1,0,30221,1
48,45713.0,6,0,1,0,0,39043,1
43,42142.0,2,1,0,0,0,32035,0
42,45987.0,7,4,0,1,0,40132,1
40,45666.0,2,2,0,0,0,39236,0
40,33932.0,4,1,0,0,0,14894,0
37,36657.0,7,0,0,0,0,19525,0
50,39284.0,5,1,0,0,0,24882,0
36,42382.0,3,2,0,0,0,33129,0
49,28482.0,5,2,0,0,0,6521,0
28,41004.0,3,0,0,0,0,28001,0
50,53121.0,7,0,1,0,0,55481,1
43,32190.0,4,1,0,0,0,12675,0
21,55480.0,6,0,1,0,0,62524,1
39,31616.0,3,1,0,0,0,10256,0
34,41986.0,7,0,0,0,0,31655,0
36,45411.0,7,0,0,0,0,38046,0
37,53617.0,6,0,1,0,0,56888,1
31,42516.0,7,0,0,0,0,33269,0
32,33922.0,7,1,0,0,0,15013,0
46,54251.0,4,3,1,1,0,57963,2
50,55308.0,5,1,1,0,0,60614,1
23,55277.0,2,1,1,0,0,60965,1
25,31981.0,2,1,0,0,0,11568,0
26,19934.0,6,1,0,0,0,864,0
51,38152.0,2,0,0,0,0,22558,0
35,55488.0,2,5,0,1,0,62554,1
73,39919.0,1,0,0,0,1,26028,1
39,46631.0,4,0,0,0,0,41065,0
52,50133.0,3,0,1,0,0,49066,1
25,41962.0,6,0,0,0,0,31651,0
39,42588.0,5,2,0,1,0,33806,1
38,40958.0,5,3,0,1,0,28518,1
44,55615.0,2,0,1,0,0,62746,1
33,73069.0,7,1,1,1,0,110149,2
48,51304.0,1,2,1,0,0,51558,1
45,69270.0,5,2,0,0,0,99569,0
30,37464.0,7,1,0,0,0,20323,0
40,44704.0,3,1,0,0,0,37089,0
49,41564.0,6,3,0,1,0,30827,1
61,50560.0,2,2,1,0,0,49511,1
38,28341.0,2,3,0,0,0,5780,0
41,55378.0,3,0,1,0,0,61856,1
53,33893.0,4,1,0,0,0,15050,0
24,17751.0,4,0,0,0,0,325,0
53,39860.0,1,1,0,0,0,26275,0
26,56981.0,7,1,1,0,0,69174,1
37,28274.0,6,3,0,1,0,6296,1
46,23101.0,5,2,0,1,0,1661,1
49,67597.0,4,1,1,0,0,94333,1
35,30978.0,3,2,0,0,0,9219,0
55,27022.0,3,0,0,0,0,4809,0
48,46629.0,7,4,0,1,0,42083,1
50,44685.0,1,3,0,0,0,37240,0
46,38498.0,3,3,0,0,0,23546,0
16,55643.0,7,0,0,0,0,62870,0
38,25640.0,4,0,0,0,0,2866,0
41,45340.0,6,1,0,0,0,37771,0
31,43849.0,7,5,0,1,0,35241,1
39,32854.0,4,1,0,0,0,13617,0
27,54086.0,4,6,1,1,0,57680,2
34,31617.0,3,1,0,0,0,10450,0
39,31959.0,2,1,0,0,0,11656,0
33,57924.0,3,1,1,0,0,71071,1
50,52745.0,6,0,1,0,0,55063,1
37,39390.0,6,0,0,0,0,25247,0
56,25147.0,5,0,0,0,1,2506,1
56,57624.0,6,0,1,0,0,70168,1
36,44669.0,3,0,0,0,0,37276,0
40,41771.0,6,2,0,1,0,31051,1
42,26672.0,4,0,0,0,0,4024,0
32,41102.0,4,4,0,1,0,29752,1
43,27003.0,6,2,0,1,0,4292,1
29,46480.0,3,0,0,0,0,40714,0
37,51919.0,2,0,1,0,0,53394,1
44,51537.0,2,0,1,0,0,52279,1
56,33920.0,2,1,0,0,1,14994,1
44,40604.0,6,1,0,0,0,27234,0
39,32151.0,4,0,0,0,0,12643,0
35,32223.0,7,0,0,0,0,11963,0
18,42794.0,7,7,0,1,0,34569,1
39,19914.0,2,0,0,0,0,673,0
21,38890.0,7,2,0,1,0,24043,1
32,55309.0,4,0,0,0,0,61396,0
32,48050.0,4,0,0,0,0,45069,0
38,47994.0,6,0,0,0,0,44453,0
41,44420.0,3,7,0,1,0,36404,1
36,44659.0,4,3,0,1,0,37123,1
31,45683.0,7,0,0,0,0,39150,0
60,42705.0,2,0,0,0,0,33902,0
42,44383.0,3,1,0,0,0,36698,0
44,46542.0,4,3,0,1,0,40651,1
46,30982.0,3,2,0,0,0,9274,0
56,35251.0,4,1,0,0,0,16854,0
39,51070.0,7,1,1,0,0,51299,1
38,45458.0,4,1,0,0,0,38621,0
45,28249.0,2,0,0,0,0,5592,0
41,31290.0,3,2,0,0,0,9547,0
23,42708.0,2,0,0,0,0,34376,0
46,31960.0,4,0,0,0,0,11803,0
49,52579.0,2,0,1,0,0,54880,1
51,41032.0,6,0,0,0,0,29094,0
37,40977.0,7,0,0,0,0,28370,0
32,44399.0,3,2,0,0,0,36484,0
63,35371.0,3,1,0,0,1,17653,1
41,62869.0,6,0,1,0,0,82902,1
30,45745.0,4,0,0,0,0,39201,0
33,35260.0,7,0,0,0,0,17188,0
40,55322.0,3,0,1,0,0,60639,1
39,41030.0,3,3,0,0,0,28701,0
38,40609.0,4,0,0,0,0,27229,0
32,31904.0,3,1,0,0,0,11092,0
32,71844.0,5,1,1,0,0,108554,1
41,53226.0,6,0,1,0,0,55948,1
44,46020.0,4,4,0,1,0,39858,1
49,54117.0,2,1,0,0,0,57696,0
36,50809.0,4,5,0,1,0,50113,1
36,76851.0,2,1,1,0,0,114747,1
39,34850.0,3,0,0,0,0,15699,0
49,47956.0,5,0,1,0,0,45594,1
40,27350.0,3,1,0,0,0,5220,0
35,28261.0,3,0,0,0,0,6380,0
52,41954.0,2,0,0,0,0,31749,0
28,31965.0,5,0,0,0,0,11558,0
31,39347.0,3,3,0,0,0,24912,0
33,35365.0,4,0,0,0,0,17843,0
36,26191.0,3,0,0,0,0,3584,0
35,39908.0,4,0,0,0,0,26440,0
40,65106.0,5,2,1,0,0,88930,1
71,38204.0,1,0,0,0,1,22893,1
42,50856.0,6,0,1,0,0,50295,1
53,35143.0,4,0,0,0,0,16436,0
68,33940.0,6,0,0,0,1,15022,1
43,37052.0,4,1,0,0,0,19812,0
28,54996.0,6,0,1,0,0,60237,1
32,37525.0,4,0,0,0,0,20698,0
47,53340.0,3,2,1,0,0,56325,1
37,32921.0,5,1,0,0,0,13545,0
21,43121.0,4,1,0,0,0,34631,0
37,38898.0,5,1,0,0,0,24104,0
43,47148.0,4,1,1,0,0,43223,1
42,54916.0,5,0,1,0,0,59381,1
45,46477.0,6,1,0,0,0,40674,0
39,41258.0,6,3,0,1,0,30148,1
46,48456.0,3,0,1,0,0,46262,1
22,40999.0,6,5,0,1,0,28938,1
28,52396.0,6,1,1,0,0,54043,1
47,46585.0,3,1,0,0,0,41836,0
36,44402.0,4,0,0,0,0,36574,0
35,40295.0,6,1,0,0,0,26724,0
29,65052.0,3,4,1,1,0,89451,2
21,38525.0,5,0,0,0,0,23633,0
22,40913.0,2,0,0,0,0,27903,0
40,22915.0,2,2,0,0,0,1495,0
38,39426.0,7,7,0,1,0,25126,1
18,31255.0,4,3,0,1,0,9622,1
32,55560.0,6,0,1,0,0,62865,1
35,39894.0,7,0,0,0,0,26110,0
18,26249.0,3,0,0,0,0,3426,0
36,41138.0,2,7,0,0,0,29807,0
37,33283.0,4,2,0,0,0,13886,0
19,32089.0,4,3,0,1,0,11899,1
70,40041.0,5,0,0,0,1,26512,1
50,39270.0,6,1,0,0,0,24908,0
52,47403.0,1,0,0,0,0,43771,0
47,51478.0,4,0,1,0,0,52382,1
46,55420.0,2,0,1,0,0,61976,1
57,54003.0,2,1,1,0,0,57261,1
40,34765.0,5,4,0,1,0,15561,1
48,44427.0,3,0,0,0,0,36292,0
38,31275.0,3,3,0,0,0,9743,0
52,42479.0,6,2,0,0,0,33250,0
37,28282.0,3,0,0,0,0,6117,0
37,55497.0,2,4,0,0,0,62397,0
26,52691.0,5,0,0,0,0,55177,0
47,47388.0,7,1,0,0,0,43671,0
44,31553.0,6,1,0,0,0,10340,0
53,25902.0,5,1,0,0,0,3109,0
28,70914.0,7,1,1,1,0,104728,2
59,51506.0,5,0,1,0,1,52316,2
28,50115.0,3,0,1,0,0,49068,1
47,30972.0,3,3,0,0,0,9323,0
29,65756.0,5,4,1,1,0,90752,2
40,40853.0,4,0,0,0,0,27826,0
23,39439.0,3,2,0,0,0,25262,0
30,61258.0,5,0,1,0,0,78066,1
34,26596.0,7,0,0,0,0,3977,0
40,47956.0,4,0,0,0,0,45112,0
54,22889.0,5,2,0,1,1,1561,2
52,34617.0,4,0,0,0,0,15441,0
38,50626.0,6,1,1,0,0,49580,1
38,54363.0,7,0,1,0,0,58381,1
32,43258.0,7,0,0,0,0,34948,0
53,41126.0,1,0,0,0,0,30050,0
24,57020.0,2,1,1,0,0,68976,1
36,39851.0,3,0,0,0,0,26055,0
30,27013.0,3,2,0,0,0,4790,0
36,29906.0,5,1,0,0,0,7570,0
40,27037.0,6,2,0,1,0,4380,1
31,44051.0,5,1,0,0,0,35735,0
43,27183.0,4,3,0,1,0,5113,1
35,29705.0,5,2,0,1,0,7218,1
43,51042.0,3,2,1,0,0,50725,1
35,46617.0,7,1,0,0,0,42093,0
26,22245.0,4,1,0,0,0,1237,0
46,50568.0,7,0,1,0,0,49814,1
60,34601.0,5,1,0,0,1,15410,1
29,42629.0,4,0,0,0,0,33639,0
42,16959.0,2,2,0,0,0,210,0
36,34569.0,7,1,0,0,0,15406,0
38,46137.0,4,0,0,0,0,40395,0
39,55001.0,4,3,1,1,0,60103,2
32,46604.0,4,1,0,0,0,41335,0
36,50126.0,6,1,0,0,0,49132,0
39,42563.0,3,2,0,0,0,33768,0
46,50906.0,4,0,1,0,0,50410,1
38,46640.0,2,0,0,0,0,41653,0
35,42721.0,6,0,0,0,0,34157,0
64,32177.0,2,0,0,0,1,12285,1
40,24838.0,7,4,0,1,0,2327,1
61,28982.0,2,2,0,0,0,6825,0
45,42224.0,5,0,0,0,0,32383,0
33,51481.0,3,0,0,0,0,52380,0
44,42210.0,3,0,0,0,0,32076,0
51,52631.0,2,2,1,0,0,54754,1
28,35878.0,3,1,0,0,0,18650,0
44,44389.0,3,1,0,0,0,36716,0
31,17932.0,4,0,0,0,0,448,0
70,40732.0,2,1,0,0,0,27397,0
19,45309.0,4,0,0,0,0,37778,0
44,31895.0,6,2,0,1,0,11114,1
49,46008.0,4,0,0,0,0,39902,0
52,53317.0,1,0,1,0,0,56239,1
30,52532.0,5,0,0,0,0,54116,0
48,32214.0,4,3,0,1,0,12623,1
41,52282.0,3,2,1,0,0,53821,1
28,54584.0,6,0,1,0,0,58727,1
39,49029.0,5,0,1,0,0,47452,1
45,26126.0,5,0,0,0,0,3148,0
18,54611.0,4,1,0,0,0,58948,0
38,43072.0,5,0,0,0,0,34641,0
45,54366.0,2,1,1,0,0,58485,1
35,45795.0,5,1,0,0,0,39486,0
11,34561.0,5,1,0,0,0,15431,0
44,49920.0,7,0,1,0,0,48596,1
42,33258.0,4,2,0,0,0,14108,0
50,49817.0,5,0,1,0,0,48183,1
33,38011.0,5,1,0,0,0,21973,0
38,49867.0,2,1,1,0,0,48473,1
69,44408.0,1,0,0,0,1,36208,1
24,19933.0,5,1,0,0,0,714,0
48,42012.0,7,0,0,0,0,31485,0
33,31875.0,5,1,0,0,0,11164,0
43,35294.0,4,1,0,0,0,17294,0
35,34040.0,6,1,0,0,0,15118,0
36,37884.0,7,2,0,1,0,21192,1
42,32025.0,5,1,0,0,0,11406,0
42,38172.0,3,2,0,0,0,22846,0
50,39384.0,6,1,0,0,0,25154,0
53,41114.0,4,0,0,0,0,29996,0
50,72869.0,4,0,1,0,0,109899,1
38,34487.0,6,4,0,1,0,15358,1
31,62396.0,2,1,1,0,0,81695,1
20,41103.0,3,0,0,0,0,29196,0
37,50171.0,7,6,0,1,0,49194,1
36,55628.0,4,1,1,0,0,62641,1
45,44388.0,2,2,0,0,0,36110,0
50,26972.0,3,1,0,0,0,4778,0
51,34887.0,6,0,0,0,0,15898,0
32,33550.0,5,1,0,0,0,14148,0
19,45138.0,3,2,0,0,0,37590,0
34,58616.0,3,1,1,0,0,72114,1
40,45747.0,5,2,0,1,0,39390,1
48,35353.0,5,0,0,0,0,17748,0
29,37532.0,4,4,0,1,0,20572,1
45,35308.0,5,0,0,0,0,16831,0
41,31317.0,2,3,0,0,0,9534,0
46,51270.0,3,7,1,1,0,51765,2
47,45722.0,6,1,0,0,0,39412,0
50,17774.0,3,1,0,0,0,295,0
41,48555.0,2,1,1,0,0,47037,1
38,39293.0,4,3,0,1,0,25025,1
43,54631.0,3,0,1,0,0,59010,1
27,48002.0,7,0,0,0,0,45031,0
47,50871.0,6,4,1,1,0,50379,2
52,41140.0,2,4,0,0,0,29542,0
38,32243.0,3,0,0,0,0,12682,0
26,37880.0,4,3,0,1,0,21357,1
59,46562.0,2,1,0,0,0,41202,0
35,54372.0,4,1,1,0,0,58233,1
54,50918.0,3,0,1,0,0,50461,1
24,45240.0,5,4,0,1,0,37622,1
39,54622.0,2,3,1,0,0,59051,1
50,45708.0,4,1,1,0,0,39400,1
25,51046.0,5,0,0,0,0,50982,0
19,38461.0,4,1,0,0,0,23751,0
47,54649.0,4,3,1,1,0,58939,2
28,36310.0,7,1,0,0,0,19083,0
28,35862.0,2,2,0,0,0,18852,0
31,38865.0,4,1,0,0,0,24041,0
46,55326.0,7,1,1,0,0,60572,1
46,60162.0,3,1,1,0,0,75334,1
38,53292.0,3,2,1,0,0,56255,1
39,34566.0,2,0,0,0,0,15398,0
43,39918.0,4,1,0,0,0,26024,0
25,43444.0,6,2,0,0,0,35116,0
43,51522.0,3,0,1,0,0,52068,1
45,28292.0,7,0,0,0,0,5781,0
35,31507.0,7,0,0,0,0,10218,0
32,44400.0,3,0,0,0,0,36447,0
32,55099.0,6,1,1,0,0,60458,1
62,41292.0,5,0,0,0,0,30477,0
37,41317.0,5,4,0,1,0,30360,1
29,54017.0,6,0,1,0,0,57435,1
20,50183.0,5,0,0,0,0,49381,0
40,44351.0,7,0,0,0,0,36041,0
50,50816.0,4,7,1,1,0,50126,2
36,33718.0,7,1,0,0,0,14554,0
44,55615.0,2,0,1,0,0,62746,1
36,62411.0,2,0,1,0,0,81389,1
15,39270.0,7,0,0,0,0,25042,0
50,33912.0,4,0,0,0,0,14864,0
34,46618.0,2,2,0,0,0,40951,0
47,62647.0,6,1,1,0,0,82342,1
51,44705.0,3,2,0,0,0,37040,0
60,51702.0,4,0,1,0,0,52836,1
54,19934.0,5,1,0,0,1,884,1
18,42413.0,5,3,0,1,0,33106,1
58,55460.0,5,0,1,0,0,62194,1
40,55266.0,2,1,1,0,0,61551,1
52,67998.0,4,0,1,0,0,95661,1
49,43904.0,3,3,0,0,0,35539,0
72,57689.0,3,1,1,0,1,70695,2
60,65142.0,4,1,1,0,1,89243,2
30,37120.0,5,1,0,0,0,19938,0
30,35892.0,7,1,0,0,0,18854,0
28,41029.0,6,0,0,0,0,28889,0
40,51511.0,3,1,1,0,0,52557,1
37,32382.0,7,1,0,0,0,13048,0
35,48613.0,4,1,1,0,0,46765,1
30,54839.0,2,1,1,0,0,59147,1
35,54630.0,7,1,1,0,0,58903,1
44,31901.0,6,0,0,0,0,10723,0
31,39840.0,7,1,0,0,0,25594,0
31,39921.0,3,0,0,0,0,26406,0
64,40863.0,3,1,0,0,0,27990,0
30,51786.0,3,0,0,0,0,52983,0
38,52669.0,7,0,1,0,0,55261,1
42,71544.0,5,2,1,1,0,107506,2
65,50929.0,5,0,0,0,1,50390,1
31,38361.0,7,1,0,0,0,23325,0
38,41258.0,4,0,0,0,0,30181,0
24,73223.0,5,0,1,0,0,110365,1
50,19064.0,6,0,0,0,0,615,0
52,45269.0,2,3,0,0,0,37830,0
43,45709.0,3,0,1,0,0,39070,1
29,35404.0,7,3,0,1,0,18001,1
43,61319.0,6,0,1,0,0,78040,1
46,22729.0,3,0,0,0,0,1373,0
37,35687.0,3,3,0,0,0,18197,0
50,40861.0,2,1,0,0,0,27789,0
47,46602.0,4,0,0,0,0,41059,0
15,44416.0,5,1,0,0,0,36254,0
35,21515.0,2,0,0,0,0,1118,0
41,39834.0,5,0,0,0,0,25379,0
40,51917.0,2,3,1,0,0,53108,1
42,51298.0,7,1,1,0,0,51636,1
17,37871.0,5,0,0,0,0,21214,0
43,45259.0,7,1,0,0,0,37697,0
52,31020.0,2,0,0,0,0,9444,0
36,46116.0,2,1,0,0,0,40316,0
29,35430.0,7,0,0,0,0,17690,0
57,39774.0,3,0,0,0,0,25509,0
48,38029.0,7,0,0,0,0,21932,0
37,53268.0,2,2,1,0,0,56343,1
36,38675.0,6,2,0,1,0,23867,1
43,44441.0,6,0,0,0,0,36260,0
37,41060.0,6,2,0,1,0,29248,1
41,35911.0,4,3,0,1,0,18626,1
43,41803.0,5,1,0,0,0,31169,0
25,43209.0,4,0,0,0,0,34715,0
23,22819.0,7,2,0,1,0,1415,1
35,52610.0,4,0,1,0,0,54916,1
17,35277.0,4,4,0,1,0,17252,1
35,48515.0,7,2,1,1,0,46246,2
39,51506.0,6,1,1,0,0,52315,1
39,67491.0,5,2,1,0,0,94064,1
38,25839.0,4,1,0,0,0,2939,0
25,40983.0,2,1,0,0,0,29052,0
39,49176.0,7,0,1,0,0,47599,1
54,53398.0,6,0,1,0,0,56588,1
49,39893.0,5,3,0,1,0,25723,1
39,41010.0,6,2,0,1,0,29007,1
23,51733.0,5,1,0,0,0,52872,0
55,32023.0,3,3,0,0,0,11447,0
53,38911.0,5,0,0,0,0,23988,0
43,47386.0,7,2,1,1,0,43761,2
40,36707.0,7,4,0,1,0,19486,1
48,41953.0,2,1,0,0,0,31846,0
15,52496.0,5,4,0,1,0,54287,1
32,48050.0,4,0,0,0,0,45069,0
32,75036.0,3,0,1,0,0,112325,1
40,55859.0,7,0,1,0,0,64199,1
37,33258.0,4,0,0,0,0,14109,0
33,54188.0,2,0,0,0,0,57799,0
31,53176.0,7,0,1,0,0,55607,1
32,45382.0,6,3,0,1,0,38060,1
40,45467.0,3,4,0,1,0,38426,1
14,42683.0,6,1,0,0,0,34164,0
49,33938.0,7,1,0,0,0,14787,0
40,45852.0,6,0,0,0,0,39753,0
32,35873.0,3,0,0,0,0,18336,0
39,44187.0,2,7,0,1,0,35788,1
28,37990.0,5,0,0,0,0,21792,0
17,45141.0,5,0,0,0,0,37558,0
22,26065.0,7,0,0,0,0,3367,0
31,14783.0,2,0,0,0,0,105,0
34,53428.0,4,0,1,0,0,56514,1
19,35356.0,4,0,0,0,0,17747,0
61,69165.0,3,1,1,0,0,98739,1
41,55499.0,2,1,0,0,0,62188,0
53,47116.0,1,2,1,0,0,43215,1
47,51478.0,4,0,1,0,0,52382,1
39,46452.0,2,1,0,0,0,40602,0
44,35873.0,3,1,0,0,0,18496,0
59,38192.0,6,0,0,0,0,23088,0
36,46574.0,5,2,0,0,0,41720,0
42,46613.0,3,1,0,0,0,42090,0
30,35283.0,6,1,0,0,0,17090,0
41,24753.0,3,1,0,0,0,2322,0
44,48043.0,3,0,1,0,0,45565,1
62,55529.0,5,1,0,0,0,62460,0
40,42632.0,4,0,1,0,0,33593,1
41,23460.0,5,1,0,0,0,1820,0
43,24843.0,5,2,0,1,1,2366,2
42,40982.0,2,1,0,0,0,28534,0
33,45253.0,5,1,0,0,0,37821,0
30,39035.0,3,1,0,0,0,24509,0
43,17790.0,7,0,0,0,0,252,0
36,64655.0,2,4,1,0,0,87388,1
18,49819.0,7,0,0,0,0,48320,0
38,35360.0,6,2,0,1,0,17815,1
42,42003.0,4,2,0,0,0,31571,0
16,26957.0,3,1,0,0,0,4579,0
30,49748.0,5,0,0,0,0,48102,0
51,74121.0,6,0,1,0,0,111362,1
57,50591.0,3,0,1,0,0,49754,1
39,54926.0,5,2,0,0,0,59443,0
14,53176.0,7,0,1,0,0,55605,1
39,19934.0,6,1,0,0,0,859,0
39,52487.0,6,1,1,0,0,54257,1
37,39262.0,7,2,0,1,0,24781,1
40,54348.0,3,0,1,0,0,57846,1
34,31269.0,4,1,0,0,0,9792,0
62,21818.0,5,0,0,0,1,1191,1
41,46642.0,3,1,0,0,0,42395,0
39,39858.0,5,1,0,0,0,26228,0
21,31350.0,5,2,0,0,0,9738,0
64,50796.0,3,0,1,0,1,50038,2
40,33703.0,4,0,0,0,0,14532,0
49,29942.0,7,1,0,0,0,7623,0
18,44703.0,4,1,0,0,0,37242,0
32,41897.0,2,1,0,0,0,31366,0
24,51006.0,7,1,0,0,0,51045,0
40,46575.0,3,0,0,0,0,41223,0
34,51666.0,6,1,0,0,0,52760,0
39,41965.0,2,1,0,0,0,31807,0
56,41306.0,5,0,0,0,1,30532,1
39,47948.0,3,1,0,0,0,43998,0
34,42295.0,4,1,0,0,0,32578,0
30,31872.0,7,1,0,0,0,10697,0
51,42463.0,4,2,0,0,0,33432,0
42,41314.0,6,5,0,1,0,30483,1
48,43215.0,7,1,0,0,0,34777,0
40,45486.0,5,1,0,0,0,38505,0
34,54875.0,6,2,1,1,0,59490,2
43,46045.0,6,1,0,0,0,39824,0
64,27025.0,6,0,0,0,0,4250,0
32,38898.0,7,1,0,0,0,24376,0
55,63172.0,1,1,1,0,0,83065,1
31,47980.0,5,5,0,1,0,44791,1
54,50805.0,6,1,1,0,0,50168,1
30,54352.0,3,0,1,0,0,58566,1
67,31927.0,1,6,0,0,0,10829,0
34,41088.0,7,0,0,0,0,29636,0
38,42412.0,2,0,0,0,0,32956,0
42,20701.0,7,3,0,1,0,995,1
36,51513.0,2,0,0,0,0,52507,0
17,35945.0,7,1,0,0,0,18387,0
36,54382.0,5,3,1,1,0,58097,2
56,48456.0,1,0,1,0,1,46250,2
46,26095.0,1,0,0,0,0,3361,0
43,40960.0,4,5,0,1,0,28099,1
54,56308.0,2,0,1,0,0,66127,1
31,30820.0,6,1,0,0,0,8626,0
43,72859.0,2,1,1,0,0,109922,1
53,35361.0,3,1,0,0,0,17784,0
30,39782.0,7,0,0,0,0,25438,0
38,42554.0,2,0,0,0,0,33644,0
22,39732.0,6,1,0,0,0,25343,0
46,44745.0,6,0,0,0,0,37007,0
25,32692.0,7,1,0,0,0,13342,0
41,48081.0,2,1,1,0,0,45913,1
43,45705.0,4,1,0,0,0,39021,0
35,37258.0,6,1,0,0,0,20160,0
31,35362.0,6,0,0,0,0,17976,0
47,54894.0,5,4,1,1,0,59965,2
51,44715.0,4,3,0,1,0,37229,1
28,39961.0,6,1,0,0,0,26499,0
47,62149.0,6,2,1,0,0,80643,1
49,64557.0,5,0,1,0,0,85769,1
34,48016.0,3,1,0,0,0,45056,0
52,36027.0,4,0,0,0,0,18890,0
45,43148.0,6,0,0,0,0,34621,0
54,18819.0,1,0,0,0,1,580,1
53,36979.0,5,0,0,0,0,19803,0
38,55631.0,3,3,1,0,0,62851,1
36,49906.0,6,1,1,0,0,48639,1
38,35134.0,5,1,0,0,0,16503,0
47,50589.0,3,1,1,0,0,49662,1
32,45382.0,6,3,0,1,0,38060,1
45,23480.0,5,3,0,1,0,1859,1
18,38189.0,7,0,0,0,0,22673,0
31,35121.0,6,1,0,0,0,16449,0
25,47241.0,6,0,0,0,0,43379,0
39,35852.0,5,0,0,0,0,18374,0
40,37515.0,5,4,0,1,0,20621,1
39,31023.0,4,3,0,1,0,9282,1
40,35382.0,6,0,0,0,0,17457,0
34,48025.0,5,0,0,0,0,44808,0
29,26963.0,3,3,0,0,0,4466,0
25,42078.0,3,1,0,0,0,32022,0
56,47951.0,1,1,1,0,0,45009,1
25,37520.0,3,3,0,0,0,20354,0
43,56724.0,5,3,1,1,0,68041,2
57,39946.0,6,1,0,0,0,26026,0
48,45665.0,2,0,0,0,0,39211,0
24,33640.0,2,0,0,0,0,14366,0
65,38037.0,2,1,0,0,0,21503,0
41,45691.0,3,0,0,0,0,39276,0
38,32921.0,5,0,0,0,0,13546,0
47,52559.0,5,1,1,0,0,54866,1
27,50616.0,3,1,0,0,0,49676,0
41,55499.0,2,1,0,0,0,62188,0
40,39286.0,2,2,0,0,0,24896,0
36,50177.0,5,1,0,0,0,49295,0
31,17751.0,4,2,0,0,0,339,0
28,55274.0,2,1,1,0,0,60559,1
25,50140.0,3,3,0,0,0,49127,0
40,46109.0,6,1,0,0,0,40264,0
34,17751.0,2,0,0,0,0,281,0
42,37767.0,5,0,0,0,0,21032,0
45,42463.0,6,1,0,0,0,33488,0
46,32162.0,4,1,0,0,0,12184,0
50,29765.0,5,0,0,0,0,7361,0
45,31330.0,4,1,0,0,0,9666,0
45,41630.0,4,0,0,0,0,30922,0
50,49917.0,6,1,1,0,0,48570,1
43,51042.0,3,2,1,0,0,50725,1
36,46645.0,5,2,0,0,0,42340,0
66,51385.0,3,0,0,0,1,51893,1
23,37667.0,6,0,0,0,0,20987,0
42,48041.0,6,0,1,0,0,45634,1
39,31255.0,3,0,0,0,0,9774,0
30,38924.0,5,1,0,0,0,24430,0
44,31622.0,5,3,0,1,0,10242,1
52,47136.0,2,1,1,0,0,43128,1
59,45675.0,2,1,0,0,0,39359,0
52,53151.0,1,2,0,0,0,56119,0
27,26984.0,4,0,0,0,0,5034,0
25,50886.0,6,6,0,1,0,50690,1
35,41103.0,3,0,0,0,0,29771,0
37,38248.0,5,0,0,0,0,23021,0
39,32031.0,5,2,0,0,0,11347,0
52,55031.0,3,4,1,1,0,60150,2
50,49212.0,5,0,1,0,0,47706,1
64,54277.0,3,0,1,0,0,57968,1
59,25223.0,6,0,0,0,1,2648,1
38,51336.0,7,3,1,1,0,51511,2
25,25821.0,6,0,0,0,0,3010,0
27,51984.0,6,1,0,0,0,53621,0
56,31667.0,5,1,0,0,1,10493,1
40,41083.0,3,1,0,0,0,29314,0
18,51044.0,2,0,0,0,0,51064,0
33,25827.0,6,1,0,0,0,2944,0
64,26289.0,1,2,0,0,0,3882,0
23,35416.0,3,2,0,0,0,17631,0
42,46562.0,3,0,0,0,0,41204,0
26,74966.0,7,0,1,0,0,112590,1
22,46582.0,7,1,0,0,0,42364,0
37,55317.0,6,0,1,0,0,61304,1
33,46601.0,7,0,0,0,0,40927,0
15,35036.0,4,2,0,0,0,16221,0
22,35447.0,4,0,0,0,0,17527,0
48,49162.0,1,0,1,0,0,47623,1
52,39906.0,4,1,0,0,0,26378,0
28,46606.0,2,1,0,0,0,41774,0
53,53238.0,3,2,1,0,0,56137,1
76,36427.0,4,0,0,0,1,19229,1
39,31539.0,4,0,0,0,0,10149,0
13,39863.0,5,2,0,0,0,26236,0
52,45445.0,4,0,0,0,0,37940,0
32,35895.0,3,1,0,0,0,18584,0
24,25944.0,2,0,0,0,0,3110,0
67,54590.0,1,1,0,0,1,58806,1
52,55335.0,3,4,1,1,0,60780,2
71,35127.0,6,1,0,0,1,16578,1
44,54953.0,4,1,1,0,0,60298,1
36,40750.0,3,3,0,0,0,27328,0
24,47988.0,4,0,0,0,0,44311,0
35,42168.0,7,0,0,0,0,32093,0
35,44685.0,3,0,0,0,0,37114,0
66,61271.0,1,0,1,0,0,78063,1
36,51746.0,3,0,0,0,0,52924,0
35,48503.0,5,3,1,1,0,46355,2
36,40531.0,3,0,0,0,0,27188,0
52,35403.0,4,3,0,1,0,17605,1
47,23471.0,4,5,0,1,0,1817,1
55,51522.0,5,1,1,0,1,51944,2
67,48710.0,2,1,0,0,1,47174,1
45,53228.0,5,1,1,0,0,55798,1
28,35421.0,6,1,0,0,0,17549,0
52,50901.0,2,1,1,0,0,50331,1
30,40842.0,6,1,0,0,0,27552,0
48,49765.0,4,1,1,0,0,48383,1
51,47968.0,5,0,1,0,0,44344,1
39,19856.0,3,0,0,0,0,770,0
43,54395.0,2,1,1,0,0,58387,1
50,40975.0,6,0,0,0,0,28263,0
30,51010.0,6,0,0,0,0,50987,0
46,44486.0,7,0,0,0,0,36835,0
38,49892.0,2,3,1,0,0,48537,1
50,65251.0,5,1,1,0,0,90148,1
38,27942.0,2,0,0,0,0,5451,0
33,17984.0,6,0,0,0,0,472,0
46,50881.0,5,4,1,1,0,50313,2
23,29779.0,7,1,0,0,0,7418,0
39,55264.0,2,0,1,0,0,61011,1
33,35895.0,3,2,0,0,0,18582,0
44,48023.0,5,1,1,0,0,44216,1
27,17974.0,4,2,0,0,0,462,0
35,52170.0,3,0,1,0,0,53666,1
47,29376.0,5,0,0,0,0,7072,0
36,55259.0,7,1,1,0,0,61839,1
60,37980.0,4,0,0,0,0,21560,0
32,42391.0,5,0,0,0,0,33040,0
56,28511.0,1,0,0,0,0,6539,0
50,41070.0,4,1,0,0,0,29376,0
41,51955.0,4,0,1,0,0,53564,1
24,46576.0,6,4,0,1,0,41139,1
40,50115.0,3,1,1,0,0,49069,1
45,39447.0,2,0,0,0,0,25243,0
37,55497.0,2,4,0,0,0,62397,0
42,36610.0,5,0,0,0,0,19383,0
66,41336.0,6,0,0,0,0,30118,0
33,51762.0,3,3,0,0,0,52992,0
47,27684.0,2,0,0,0,0,5398,0
36,35341.0,7,1,0,0,0,16869,0
22,40953.0,3,0,0,0,0,28664,0
45,42597.0,3,3,1,0,0,33652,1
54,30480.0,3,3,0,0,0,8402,0
52,33926.0,2,0,0,0,0,14656,0
42,48016.0,7,2,0,1,0,44208,1
40,28392.0,4,0,0,0,0,6449,0
37,37284.0,6,0,0,0,0,20149,0
44,27037.0,6,1,0,0,0,4379,0
30,35036.0,4,0,0,0,0,16222,0
36,31891.0,4,1,0,0,0,10708,0
32,54921.0,7,1,1,0,0,59629,1
73,32214.0,4,0,0,0,1,12426,1
18,28232.0,3,3,0,0,0,5615,0
31,45537.0,5,1,0,0,0,38454,0
34,46587.0,6,0,0,0,0,41954,0
34,49807.0,6,2,0,1,0,48225,1
39,39772.0,5,1,0,0,0,25583,0
31,37308.0,6,0,0,0,0,20145,0
19,45309.0,4,0,0,0,0,37778,0
45,42000.0,7,1,0,0,0,31719,0
19,32486.0,7,2,0,1,0,13200,1
53,40775.0,4,1,0,0,0,27530,0
64,50796.0,3,0,1,0,1,50038,2
38,44710.0,3,0,0,0,0,37227,0
39,42820.0,6,1,0,0,0,34560,0
64,60477.0,5,2,1,0,0,76505,1
68,35085.0,3,0,0,0,1,16462,1
43,40988.0,4,0,0,0,0,28543,0
43,28279.0,6,4,0,1,0,5825,1
43,53373.0,3,0,1,0,0,56420,1
33,29956.0,4,1,0,0,0,7754,0
35,54411.0,7,0,0,0,0,58206,0
33,35434.0,2,0,0,0,0,18118,0
40,52649.0,6,1,1,0,0,54930,1
28,38165.0,2,4,0,0,0,22993,0
44,35380.0,5,0,0,0,0,17405,0
26,49226.0,3,4,0,1,0,47642,1
37,27007.0,2,1,0,0,0,4594,0
40,45581.0,7,1,0,0,0,38830,0
32,27050.0,2,2,0,0,0,4868,0
41,52511.0,7,0,1,0,0,54309,1
42,35326.0,4,1,0,0,0,17069,0
36,34954.0,2,0,0,0,0,16016,0
24,35419.0,5,1,0,0,0,18094,0
54,32247.0,6,0,0,0,0,12270,0
41,55314.0,7,0,1,0,0,61803,1
17,44547.0,3,0,0,0,0,36887,0
69,37861.0,1,0,0,0,1,21121,1
32,52673.0,3,0,0,0,0,55227,0
44,31805.0,7,3,0,1,0,10521,1
40,37965.0,5,0,0,0,0,21800,0
31,42299.0,4,2,0,0,0,32763,0
34,42295.0,4,1,0,0,0,32578,0
26,52582.0,4,1,0,0,0,54810,0
33,25453.0,4,1,0,0,0,2796,0
52,44420.0,4,2,0,0,0,35904,0
37,37973.0,6,4,0,1,0,21514,1
33,31926.0,5,0,0,0,0,10532,0
23,43170.0,6,1,0,0,0,34684,0
47,76591.0,2,0,1,0,0,114443,1
25,67864.0,6,1,1,0,0,94736,1
47,38024.0,4,0,0,0,0,21450,0
67,33884.0,5,1,0,0,1,14679,1
51,58694.0,5,1,1,0,0,73490,1
34,54027.0,3,0,1,0,0,57106,1
36,52610.0,4,0,0,0,0,54917,0
48,28736.0,5,1,0,0,0,6620,0
42,62354.0,5,2,1,0,0,81465,1
40,36487.0,3,0,0,0,0,19331,0
47,48050.0,2,3,1,0,0,45637,1
51,38167.0,6,1,0,0,0,23029,0
40,55593.0,4,2,0,0,0,62855,0
33,42534.0,3,0,0,0,0,33363,0
38,31475.0,6,1,0,0,0,10196,0
34,53438.0,6,4,1,1,0,56372,2
35,54921.0,2,0,1,0,0,59609,1
48,23886.0,4,1,0,0,1,1987,1
53,27759.0,2,4,0,0,0,5423,0
43,51475.0,4,2,1,0,0,52398,1
40,50088.0,5,1,1,0,0,48873,1
42,41095.0,2,5,0,0,0,29474,0
30,25099.0,4,2,0,0,0,2597,0
39,42668.0,3,0,0,0,0,34188,0
39,54892.0,2,1,1,0,0,60040,1
52,27138.0,6,0,0,0,0,5077,0
71,32158.0,2,2,0,0,1,12778,1
39,38759.0,6,0,0,0,0,23883,0
50,40918.0,3,2,0,0,0,27979,0
26,22935.0,7,1,0,0,0,1510,0
33,41551.0,4,2,0,0,0,30914,0
42,39931.0,6,0,0,0,0,26457,0
30,53372.0,6,1,1,0,0,56364,1
25,34981.0,5,2,0,0,0,16027,0
42,52715.0,6,0,1,0,0,55198,1
63,46462.0,5,0,0,0,1,40719,1
42,40860.0,2,3,0,0,0,27706,0
58,70944.0,5,0,1,0,0,104380,1
69,38196.0,2,1,0,0,1,23228,1
57,44391.0,3,1,0,0,0,36360,0
